index,ln_r_L_over_ell_s,ln_f_s,ln_eps2_total,ln_ell_s_over_ell_2,r_L_over_ell_s,f_s,eps2_total,ell_s_over_ell_2,a_x,a_prime2,F_lambda_par_over_ell_s,N_lambda_par_over_ell_s,F_lambda_perp_over_ell_s,N_lambda_perp_over_ell_s,signed_par_F_over_N_minus_1,signed_perp_F_over_N_minus_1,N_max_abs_log_residual,N_alt_initial_guess_max_rel_change,N_refined_quadrature_max_rel_change
0,-9.835242124327479,-0.36071198019506756,4.486337668477564,2.739704109362724,5.35314019279201e-05,0.6971797711339175,88.79565054749649,15.482403320336033,0.001329669442298043,0.20974981278059657,0.03470490750176453,0.03681351131763889,0.07769017171381187,0.06096378114352757,-0.057277986815238546,0.2743660294118766,4.440892098500626e-16,8.881784197001252e-16,0.0
1,-1.337376519822838,-6.171313009101636,-4.558419403517677,1.241733892556604,0.26253351738565667,0.0020884919904620726,0.010478608312482474,3.4616103246807106,0.007477299703405001,0.0038656538481252676,31026.919619549404,35798.36174682617,0.013053489668650834,0.012511519982966433,-0.13328660571177664,0.04331765336443971,8.881784197001252e-16,0.0,0.0
2,1.0019132516522227,-1.5873938859303456,3.916698451474419,3.6117676785499464,2.723487564011645,0.2044577582561985,50.23431964990585,37.03145470118524,0.20604695794319555,0.40326853076797187,5.443655027739106,5.050057216429698,0.7456287798244383,0.7263665247737221,0.07793927760439812,0.026518643678846265,0.0,4.440892098500626e-16,0.0
3,-6.431307789365115,-6.276396562633825,-4.9258565761849304,1.6948371611333573,0.0016103434667304956,0.001880163453377309,0.007256507865099125,5.4457591117658835,0.015817840363374542,0.00436201140766777,1068.1364013620246,984.0711896759235,0.0020385336329328736,0.0021336342377048464,0.08542594536660064,-0.04457212163705837,0.0,0.0,0.0
4,-4.870640800733777,-6.495882914533724,-0.012483829486564346,4.116918982014273,0.007668449764892045,0.0015096417400753666,0.9875937702630924,61.36986901282599,0.00699408629603312,0.011642508449837215,8.422787425920838,8.565118942782396,0.004650770570830231,0.004624785611822857,-0.016617576219592034,0.005618629962207411,8.881784197001252e-16,0.0,8.881784197001252e-16
5,-5.428682008858181,-1.1670652014728065,-7.783279237830218,1.3109676364545033,0.004388876492722775,0.31127914361792436,0.0004166436583460407,3.7097616766434895,0.04965992861212455,0.2774784996653236,3175.539519111481,3608.0704193861166,0.007260710808666312,0.008440677221852082,-0.11987873017961426,-0.1397952299527523,0.0,1.1102230246251565e-15,0.0
6,-4.2121958395770385,-6.5190806395966945,-6.186600409920888,5.350204777752999,0.014813803861183073,0.0014750245583550904,0.002056807182546763,210.6514301767925,0.004774715285824087,0.020813284921079457,8682.859040918167,9567.166499252056,0.0005292097585703026,0.0005470868021355096,-0.09243149038986864,-0.03267679552024538,0.0,0.0,0.0
7,1.7394176612961179,-2.156195051843608,-0.13337004439173938,1.2112993166019903,5.694026604937064,0.11576476302180537,0.8751411910938458,3.3578447227750177,0.165422203481442,0.16072170845503098,421.6137797348846,413.7214500701981,0.6771087226128554,0.6075295516909904,0.01907643334264475,0.11452804349714207,0.0,1.1102230246251565e-15,2.220446049250313e-16
8,-3.4597263649268246,-5.875318872530344,1.470815350231133,6.4916801530384936,0.03143836348037466,0.002807898689996974,4.35278273701031,659.6307132431065,0.009206224011115633,0.06577377252291591,9.261413453886046,11.862832116772731,0.008822937813416023,0.009714928230160054,-0.21929153487796282,-0.09181647003575799,8.881784197001252e-16,8.881784197001252e-16,0.0
9,-1.0489212439976026,-2.5440875242409007,1.020522520385473,3.594621218535384,0.35031545024552935,0.07854468941713724,2.774644193406594,36.40190900775134,0.1516103388082348,0.28112202387516383,9.142863341735483,7.8127132581103105,0.12245146839581934,0.10515748600729888,0.17025456325871868,0.16445792919887903,4.440892098500626e-16,2.220446049250313e-16,0.0
10,-2.41446283179331,-3.177827366882952,-6.489503204936053,3.9564015407966657,0.08941535711070603,0.04167610371290749,0.0015193036031434881,52.26889962729735,0.020667377242320522,0.2123054146278613,17123.520139665085,16256.554113434664,0.00706814977045368,0.006183622327683447,0.05333024576923995,0.14304357476851304,8.881784197001252e-16,0.0,0.0
11,-3.686861611888551,-1.8615073762832903,-6.087310001911298,4.322734569591271,0.02505049698597592,0.15543814990656493,0.0022715110641707116,75.3945182104133,0.0476463813909518,0.4310995409903628,1322.583776716773,1447.657796798096,0.00407975101280957,0.004153723879924325,-0.08639750385620104,-0.017808807049568,8.881784197001252e-16,0.0,0.0
12,1.7907332916430736,-4.919764520354721,-0.16757622449689258,0.6807221386521756,5.99384609253109,0.007300849845917939,0.8457121508487,1.9753036604325283,0.04118018921121881,0.010121521124776985,943.1314770362068,993.668561002811,0.18626966570205392,0.1902661970574273,-0.05085909522547649,-0.021004946843853345,0.0,0.0,0.0
13,-11.223808792711704,-4.006574136335722,-5.832862315410924,5.562846080698981,1.3352475057830781e-05,0.018195624309950274,0.002929679301340827,260.56336638685656,0.018650088344871477,0.20996386611535178,15.90107730229448,12.854391597827183,0.00032718037881185677,0.0002884642257066009,0.23701516180526871,0.1342147471161097,0.0,0.0,4.440892098500626e-16
14,-5.909749999756438,-6.379027269924036,-4.44645147225101,0.2739305608260416,0.002712865019532144,0.0016967726559316027,0.011720082304953094,1.3151234779800565,0.015081128377532164,0.0019407952250093349,2035.0829023206638,1758.1393012257768,0.004925887971383727,0.004824263343090332,0.15752085224521273,0.021065315275325958,0.0,0.0,0.0
15,-9.433906415138267,-3.3712743534873573,4.506344827499314,2.103884533382768,7.996620779113906e-05,0.034345840701323994,90.59009021120818,8.19795336417515,0.0003571188855567987,0.08658281010121205,0.06740089429326396,0.0856370313511971,0.16955920716745201,0.16982431397177047,-0.21294686154108755,-0.0015610650684714233,0.0,0.0,3.3306690738754696e-16
16,-10.049550911471462,-2.7448655087898546,-4.021770552188598,3.8373624508950246,4.320514764035448e-05,0.06425694235733091,0.01792120640150841,46.40292290521298,0.025516957266330072,0.269579757544887,5.166830305327404,5.277178197354839,0.0026522749183455208,0.002317204537742714,-0.020910397166945427,0.14460112395999913,1.1102230246251565e-16,0.0,2.220446049250313e-16
17,1.6704886601459084,-6.020662683760958,-1.274144144567705,0.4352450578929954,5.3147642762182725,0.0024280600258160725,0.2796702231027017,1.5453417107372303,0.018007415232007593,0.003006236483113113,5152.188595277976,5877.961935830178,0.0957419693451646,0.08725953096172145,-0.12347363737218509,0.09720930527536509,0.0,0.0,0.0
18,-7.950345499709972,-1.576256194859078,-7.143451790994082,2.1166800789229834,0.00035254034099888493,0.2067476741209145,0.0007900203992555777,8.303524630362428,0.12102015560828125,0.2976748514454301,120.8784036796869,125.75496777575545,0.0020517384502668234,0.0024668708656420376,-0.0387783018223532,-0.16828299411901737,0.0,0.0,6.661338147750939e-16
19,-4.974820611706562,-6.652803689829478,4.351687284143043,5.755871703248114,0.006909758358042531,0.001290399150044508,77.60930145703135,316.04092138233057,0.0006951830464006853,0.022258427850163767,1.2247153184401902,0.9252165752786441,0.025040609147144986,0.022093300184565297,0.32370663384553744,0.13340283877728343,8.881784197001252e-16,0.0,0.0
20,-10.312133062997225,-1.3489768863708234,-6.933359325173635,3.9258596996792026,3.322748832564283e-05,0.25950562861743576,0.0009747209576861632,50.696643217589745,0.1788738228199827,0.42702082945184716,17.378263605082044,13.965330665668528,0.0005004758119357542,0.00048772055471702955,0.2443861173873707,0.026152798145087752,0.0,2.220446049250313e-16,0.0
21,-2.781668116106479,-6.470435705143391,-4.655096744223976,1.2614463148665902,0.06193510621053323,0.0015485508743374014,0.0095129928703311,3.530524045937243,0.006691776689690349,0.0028984168431672374,15493.017385731007,18512.36003465036,0.007724503416046897,0.007594232537838438,-0.1630987428543914,0.01715392273799643,0.0,0.0,0.0
22,-11.26582377041475,-1.8659721244016145,-8.3542875531925,1.0321745351541949,1.2803093066439682e-05,0.1547457046663107,0.0002353851255311581,2.8071634781931363,0.15813422658975473,0.18401241425913947,74.21492287055675,64.1324341653474,0.0007664400312220701,0.0007336085421863965,0.1572135665272658,0.04475341704422475,0.0,0.0,0.0
23,-10.60483055732102,-1.4006245238576245,1.30965297740806,2.836724748703253,2.4795941749394036e-05,0.24644300633451052,3.704887809333987,17.059798806459998,0.0026340490520117875,0.3633978790888789,0.1847113550792506,0.16051880338687455,0.0359780968114034,0.037419637821705966,0.15071475230268416,-0.03852364945837017,0.0,0.0,0.0
24,-9.639930284723091,-1.8182626022444985,1.1623384064784545,4.166959826437778,6.507759149171237e-05,0.16230749879306328,3.197401365065634,64.51900466930068,0.0037277714261203746,0.42395998006070756,0.14364225281923967,0.12402641456125509,0.020614416433056823,0.01943817393982211,0.158158552977411,0.06051198517289724,4.440892098500626e-16,8.881784197001252e-16,5.551115123125783e-16
25,-5.05164151126566,-0.6093364679940434,-3.9338431694419995,5.399895274241467,0.006398821083640327,0.5437115194048815,0.019568323473362837,221.38323046339931,0.2503763728415745,0.32832748406896106,11.600020304024861,10.237260897625404,0.000917807038010648,0.00086674743434287,0.13311758096499782,0.058909437333943826,1.7763568394002505e-15,1.887379141862766e-15,1.887379141862766e-15
26,-4.87822022080898,-6.621391879772989,-5.292106735544904,6.054896342098766,0.007610547074403015,0.0013315762610998406,0.005031149784799709,426.1947247141245,0.007034171442618894,0.026516501353827795,1138.3086558826851,1289.9614385018015,0.0003719137058444505,0.0003736956999715606,-0.11756381089596779,-0.004768570061806199,0.0,0.0,0.0
27,-7.439223321531391,-5.1475714846552565,3.4034099937985633,2.2717156410755224,0.0005877415064935868,0.005813505785600141,30.066451853070106,9.69602144513779,0.0006914073169328157,0.01767328239938412,0.6421844901544015,0.6266908270854576,0.05850763249526966,0.06252991688779232,0.024722977262967127,-0.06432575945591767,2.220446049250313e-16,0.0,0.0
28,-5.635977417705961,-3.996697006193211,0.9639037001032058,4.950459152545483,0.003567188895127654,0.018376235350328632,2.62191167879274,141.23979964912553,0.010253904705795689,0.16842862099368366,0.7162109099830002,0.7481956733261194,0.01367350735872181,0.013384497100400333,-0.04274919580987446,0.021592911272910964,2.220446049250313e-16,2.220446049250313e-16,1.1102230246251565e-16
29,-9.26254197868679,-6.289958232704309,-4.140184447177553,2.260868663653672,9.491374950643256e-05,0.0018548374167804834,0.0159199148503302,9.591417264647728,0.006803414089032509,0.005700689834776606,120.22185448271311,126.73712312431249,0.0012537068793242111,0.0013517891077144558,-0.05140773658881903,-0.07255734480364151,8.881784197001252e-16,8.881784197001252e-16,3.3306690738754696e-16
30,-4.269035001417474,-6.001673493398009,2.664256226112016,3.7799600253816568,0.013995282066430921,0.002474607470300076,14.357267013487403,43.814290241036176,0.0031852432921639475,0.016029068241227608,1.539443517237313,1.7459523416042648,0.021542007316956935,0.02447431171024541,-0.11827861473996559,-0.1198115161727289,0.0,0.0,2.220446049250313e-16
31,-2.066008428690349,-1.0547557251754052,-4.644478674887665,0.473295759495927,0.12669046782621754,0.34827749233950306,0.009614540654864284,1.605276088420212,0.09653178690719137,0.23190727506728204,1651.3097548488274,1878.138615812485,0.07437804391553758,0.08216761949754284,-0.12077322677566649,-0.09480103755760139,0.0,0.0,0.0
32,-9.938685779879748,-6.498035645679542,-6.5762324990326615,6.719197330228536,4.827070129154757e-05,0.0015063953828033882,0.0013930878803884118,828.1525116422822,0.013710043016394047,0.04097835299223147,101.90793929977198,71.6943826516337,5.413112578192034e-05,5.11363641323255e-05,0.42142153305018804,0.05856422724629584,1.7763568394002505e-15,0.0,1.7763568394002505e-15
33,-1.814901355317076,-2.306087272829145,2.6784451921517256,4.474147782234268,0.16285397227633355,0.09965039456437702,14.562433898425827,87.71981216401251,0.06802586381031987,0.3917947568677928,1.6023512215126245,2.2269295231665662,0.14501775834791902,0.14430787722416363,-0.2804661284322223,0.004919212571138365,5.551115123125783e-17,2.220446049250313e-16,4.440892098500626e-16
34,-3.8257628561899963,-4.091166668740744,-6.818590191345242,3.2984890789564707,0.021801797549442375,0.016719715805633775,0.001093261125325009,27.07170479586964,0.012771153752139006,0.07781422957078915,12678.809396433036,14830.604716603188,0.004100358135333368,0.0038786562212314757,-0.14509154287964865,0.0571594648910394,8.881784197001252e-16,0.0,8.881784197001252e-16
35,-7.996078834460738,-4.028423433790285,-1.8869051499367657,0.3849441746073851,0.00033678061473229324,0.01780237446286865,0.15154007767065641,1.4695322819346226,0.012896175084957608,0.02096656283598556,19.103792950468165,21.646786258716894,0.018562452512652244,0.01819616160213254,-0.11747671353407929,0.02013011966637923,0.0,0.0,0.0
36,-5.796770284961784,-6.021268987204254,-4.98507047413445,2.7400272143752518,0.003037348691780535,0.0024265883308538343,0.006839296017008453,15.48740657069892,0.014248443202333205,0.009429253101313342,893.6738153215399,949.4023948684497,0.0016339868431146842,0.0018089904226901395,-0.05869858749896206,-0.09674102050535371,8.881784197001252e-16,8.881784197001252e-16,0.0
37,-8.01669634082535,-1.4484290233831603,-3.1279662382090754,0.4001707663027612,0.00032990812847469574,0.23493908213896142,0.04380679931220346,1.4920794727821396,0.08593150322576706,0.1913016264086065,5.697674701808487,6.3197877812543535,0.012074890942618561,0.013877070423468876,-0.09843891930851978,-0.1298674306503823,0.0,0.0,3.3306690738754696e-16
38,-6.207147472637949,-2.368245422863258,-4.194048698596489,6.821677620033525,0.002014977051185949,0.09364488939942646,0.015085086102025929,917.5229745837956,0.12784354632770714,0.5483559559329926,7.377077523794788,6.244893994279317,0.000615954088013811,0.0005482725104652825,0.18129747767578053,0.12344514134238027,0.0,0.0,1.1102230246251565e-16
39,-2.049793728982481,-1.141245130884692,-9.160478609827448,4.812862058062131,0.12876146060623495,0.3194210530877219,0.000105112578096284,123.08338568299413,0.02874820979104594,0.4461690026542476,471471.2815012235,355485.2234173426,0.0026481486459448804,0.0021537788239488435,0.32627532860265296,0.22953602129379047,8.881784197001252e-16,0.0,3.3306690738754696e-15
40,-0.07901405809965034,-6.134618455215424,1.5477515220011409,0.9998903209142865,0.9240269342910568,0.002166551696705771,4.700888446401543,2.717983706142579,0.028582572237193335,0.0035548772675323497,44.77991107189268,38.93614345755545,0.07036005401151882,0.06988494745550206,0.15008593803614767,0.006798410434797564,0.0,0.0,0.0
41,-3.876936618602465,-3.689746773360027,-8.504636716302112,4.86952498718783,0.02071418353126483,0.024978326419163276,0.0002025271277278109,130.25902749153317,0.009804292193463869,0.20511666810992005,69470.14377912335,64529.22961731655,0.0013572353875152237,0.0013756816532442184,0.07656862155504318,-0.013408818592218319,0.0,0.0,1.9984014443252818e-15
42,-10.629688866088927,-5.155137536398803,0.4713708472213227,2.7870862190463543,2.418715463121758e-05,0.005769686478623522,1.6021890448706921,16.233649523206736,0.0006053052621044038,0.02254383273233491,2.208316201896934,1.9894053238745562,0.011255900500025003,0.011611395108171354,0.11003834934754675,-0.030616011670826393,8.881784197001252e-16,4.440892098500626e-16,2.220446049250313e-16
43,-10.693947271261274,-1.6923466751237086,-4.3517002975153956,4.79338154118442,2.26818101141191e-05,0.18408702428282891,0.012884885805420727,120.70886128413187,0.03691287905444935,0.4697936813599582,2.7470024227240697,2.4931307846287263,0.0011285093928490053,0.0010381491357419257,0.1018284478538296,0.08703976528622981,4.996003610813204e-16,2.220446049250313e-16,0.0
44,1.1516486751417077,-2.3743822371401926,-5.2642493231104766,1.7498836227743129,3.1634040383814805,0.09307196785978115,0.005173275029081386,5.753933010279041,0.04096428513164365,0.16808569190960895,183056.78854565456,108113.78440320544,0.40206400837885276,0.09454344005063615,0.6931863920603556,3.252690701369792,4.440892098500626e-16,0.0,4.440892098500626e-16
45,-10.838475236445824,-5.655579700362443,-0.7966748118842837,4.4650032428924895,1.9629535034213275e-05,0.0034979447391139526,0.45082555429171506,86.9213114157633,0.0008004238025676393,0.031248370506154175,2.8585756729132377,2.5009324654685443,0.0026293555275716113,0.002641379911142939,0.1430039444818394,-0.004552311282675192,3.3306690738754696e-16,4.440892098500626e-16,2.220446049250313e-16
46,-7.526752726891252,-1.4559838892278938,-3.3564348735222156,6.34426360523537,0.0005384840253525869,0.23317083673049377,0.034859315543449655,569.218066136697,0.1211103322216235,0.521235347759221,1.3712288451552674,1.2596450180865453,0.0005957379510325313,0.0006408728829675025,0.0885835497037275,-0.07042727681966832,1.1102230246251565e-16,2.220446049250313e-16,0.0
47,-6.885559206580484,-2.4447934209878586,-6.299812292981897,1.8517578690740624,0.0010224442379153861,0.08674405255164747,0.001836649496675068,6.371009084668377,0.07356345282500264,0.16591335387548373,238.04003915450613,258.3211817399449,0.005188169532889997,0.005210230739605741,-0.07851134176776897,-0.00423420915853967,0.0,0.0,0.0
48,-4.5664640329755795,-0.36592499200563733,-3.9793539108669203,2.853723920131498,0.010394649951114998,0.6935548214149007,0.0186977158270777,17.352280178185318,0.2420442834072779,0.2128973245585214,21.979954903604266,19.637635228942127,0.0036773083852035776,0.0027783435434601223,0.11927707421767408,0.3235614414421526,2.220446049250313e-16,2.220446049250313e-16,0.0
49,-6.454509818802064,-0.9084442929055037,-1.5095429128204758,4.869406684706826,0.0015734103487060375,0.403150921176872,0.221010976158865,130.2436184368904,0.10949662410217724,0.4079466134122859,0.8589576365715105,0.7739450816632203,0.003128075441016059,0.003314230629629274,0.10984313606024454,-0.05616844734611559,8.881784197001252e-16,8.881784197001252e-16,0.0
50,0.11307580959179653,-6.580612257333699,2.165024654572809,4.457299765699144,1.1197168150057817,0.0013869998339979465,8.714816774287302,86.25428757575331,0.0219380985320233,0.012663703826304792,146.27684347785845,138.47241849553217,0.04951172812963637,0.045343830010742166,0.056360862813832346,0.09191764608121566,0.0,0.0,0.0
51,-7.068191509092877,-5.772248087601621,-3.0856538489197884,1.7402540492125544,0.0008517721392550753,0.0031127519035409968,0.04570014314003623,5.698791012153872,0.015263151591353465,0.007357679538963616,90.82621148794618,84.51960399285969,0.003504440347947034,0.0038438461733631326,0.07461709706566166,-0.08829849325607608,4.440892098500626e-16,0.0,4.440892098500626e-16
52,-11.208306261103735,-6.40798681406336,1.445729052200459,1.007422386365586,1.3561085037971537e-05,0.001648339578076124,4.244945802041684,2.7385330295871158,0.00014883234525747593,0.002717855808013074,6.265391302445736,5.813068659249028,0.018579649956216623,0.018271937572699078,0.07781133678457919,0.016840708999428244,1.1102230246251565e-16,8.881784197001252e-16,2.220446049250313e-16
53,-4.434761531932722,-1.7400108253455793,-2.3365978109344994,3.611430982778659,0.011857893299400409,0.17551850055828838,0.09665592119168356,37.01898846576487,0.18618472730822028,0.39160625429687795,6.912277139459075,5.000769882703953,0.011576956321291966,0.010200668378811272,0.38224259495851,0.13492134940289846,2.220446049250313e-16,2.220446049250313e-16,0.0
54,-4.99830521384341,-0.3917755685358051,0.8641347885404045,3.9587392385274582,0.006749376060555295,0.6758557802429911,2.372952092192529,52.391231447045605,0.08987470397636278,0.23159877077218435,0.3009452487387524,0.36707380310147397,0.010274136722686119,0.009252965033310996,-0.18015056864311563,0.11036156363920857,8.881784197001252e-16,3.3306690738754696e-16,0.0
55,-3.675460801212095,-6.76318876184583,4.209776623906425,5.1776898874346,0.025337727176838794,0.0011555385555230577,67.34149564969252,177.27281744698624,0.0013523629533999824,0.015075668201560564,2.9220298663102486,2.2872768797026395,0.03563308867180507,0.030846967006081742,0.2775147129061748,0.15515696129151713,0.0,0.0,0.0
56,-5.161261713537017,-2.5415997456973685,2.3499692696068717,3.1583826557356303,0.00573445987368015,0.07874033447005538,10.48524750399877,23.53250497233287,0.013458892421523708,0.24598504224160989,0.22737013839486656,0.2658451025816328,0.0829904874193751,0.08184927837585192,-0.1447270000956733,0.013942811301069336,0.0,0.0,4.440892098500626e-16
57,-7.445303617365529,-4.849280799867715,-7.399707220107484,6.038886030302373,0.0005841787066749362,0.007834009744489768,0.0006114317498481467,419.42554720146717,0.017011641157901176,0.13198294257858864,658.6632681642125,699.4004378775528,0.0002231473098020384,0.00021872267833433572,-0.058245845308538935,0.020229413343865854,1.7763568394002505e-15,1.887379141862766e-15,0.0
58,-1.2651853904068737,-1.903104733777143,-4.059197765862847,1.9365834915508193,0.28218697653250263,0.1491049686068394,0.017262862419356092,6.935016906052816,0.07187563046728943,0.24308929934054113,1412.1083894030735,1477.5857314434656,0.05241786696908651,0.05382921513430456,-0.044313734659867654,-0.026218999509777685,0.0,8.881784197001252e-16,0.0
59,-0.748772736474228,-6.011061243725584,-8.243652949806528,5.536984711766074,0.4729466268610855,0.0024514851761856743,0.0002629220520361304,253.9112284820536,0.0031588164443710634,0.03712502423719394,12260918.850064512,5830516.091229976,0.006975141356035917,0.001530679068176325,1.1028874045141364,3.5568934083264168,8.881784197001252e-16,0.0,2.8199664825478976e-14
60,-3.900634864781745,-3.890646347086556,-2.7939818304082094,5.1478033453425525,0.020229064647533632,0.020432135517842898,0.061177131327951356,172.05313359222993,0.052865664244364396,0.19637107989099292,46.53961445292925,34.52021659291095,0.004721291024896622,0.0040085105995866545,0.3481843118703547,0.1778167744856325,8.881784197001252e-16,8.881784197001252e-16,0.0
61,-0.8885064902265274,-0.6311804463649073,-7.882407354935788,5.306494963648688,0.411269529359205,0.5319634758764391,0.000377323610685491,201.6422249955995,0.05096885038477075,0.3354396633733692,644028.4602145426,439514.61898123287,0.004060023622442558,0.002512534132267254,0.4653174943471958,0.6159078478981237,0.0,1.7763568394002505e-15,7.993605777301127e-15
62,0.9810794017738775,-3.0033150031055107,-2.153987721703455,5.979739972527974,2.6673338134718985,0.04962229734073593,0.11602057630070471,395.33755616360594,0.06546654503986651,0.41382390477612896,115202.06554167568,69887.0125660433,0.2568157520872006,0.07302507872441774,0.6484044933643374,2.5168158196223605,4.440892098500626e-16,0.0,3.4638958368304884e-14
63,-10.997424691688703,-6.885937217475136,-7.582722812446705,1.8928553067650786,1.6744768251296053e-05,0.0010220578158947485,0.0005091729514208669,6.638296018036096,0.011077795815139027,0.002624097927562646,2195.698497470687,1665.1784874249859,0.0003262865346474703,0.000248192787492154,0.318596483231111,0.31464954297991055,8.881784197001252e-16,0.0,0.0
64,-7.834190810890748,-4.781463270098785,-6.485158897199259,0.907511574987193,0.0003959625939511358,0.008383722337456255,0.0015259182832408848,2.4781481684610243,0.030584789984759105,0.012967647653656844,1308.9015503317912,1233.161775987445,0.002464455322042534,0.002617977596235765,0.061419171287318,-0.05864155385209224,8.881784197001252e-16,0.0,0.0
65,-0.9314248044505025,-4.588991829316727,-3.607359248440055,1.2880159774288924,0.39399194878434074,0.01016309934899149,0.02712337848020334,3.625586170455588,0.020950533319700048,0.018859908595668575,4453.009158156805,5092.162632701856,0.033457919463511926,0.03390646578789141,-0.1255170976748482,-0.013228931826320456,0.0,0.0,0.0
66,-4.077644938622759,-0.6282789204123125,3.565858347699164,1.4363301878992114,0.01694733069593746,0.5335092231359706,35.36979996488603,4.205235042833168,0.03279149836988972,0.26509340023293887,0.060674656829792895,0.042296003245279885,0.08859319121797984,0.0725181927530689,0.43452459273593447,0.22166849247950515,0.0,0.0,9.992007221626409e-16
67,-8.76707559588365,-0.5132379657067867,-3.096931803877469,6.303710484707482,0.0001557784743898771,0.5985543392506236,0.04518763444140311,546.5962892619026,0.09308844433412503,0.2947427135975274,0.9376845913764297,0.9844734524082208,0.0003000575525760051,0.0003079994787300739,-0.0475267879670459,-0.025785518166506427,0.0,0.0,0.0
68,-5.4069796436193975,-2.6838385894815815,-2.857749714830632,4.9486262056442625,0.004485166575329403,0.06830047283733301,0.057397776414481703,140.9811517124115,0.11337013365046272,0.37535151580706394,7.019642933501667,4.681899856418228,0.0041745902692722605,0.0032231223170786703,0.4993150534560711,0.29520069627887047,2.220446049250313e-16,2.220446049250313e-16,0.0
69,-6.208084657862776,-2.6022769181229375,1.0207104117942034,1.1647955793604403,0.0020130895290822793,0.0741046557423407,2.77516557419277,3.2052675933763157,0.01503684310048705,0.11139006423614171,1.098790182728628,1.2628851100909615,0.09419911283392537,0.09091578100902016,-0.1299365445448275,0.0361139924055589,1.1102230246251565e-16,2.220446049250313e-16,2.220446049250313e-16
70,-6.922875533523622,-1.6939308374660405,0.4158871033395837,5.264767281040737,0.000984993482541097,0.18379563141898822,1.5157147400785174,193.4012954017048,0.022414315299940302,0.49387338286698246,0.23363046299284423,0.21905578030897127,0.00868320954815857,0.008683285961445752,0.06653411593757452,-8.800042693657417e-06,8.881784197001252e-16,8.881784197001252e-16,0.0
71,-10.902475692368728,-1.9623586732542648,4.581256471087677,1.5955052753546672,1.8412593605830586e-05,0.14052657344471234,97.63699523019858,4.93081986455398,0.0003338814930761576,0.21026083006217572,0.040170601691680255,0.042931843432985096,0.23853484942014713,0.24951461126085978,-0.06431686879728404,-0.044004484487818796,0.0,8.881784197001252e-16,0.0
72,-8.022006262135562,-5.29397450621616,3.8476622901058217,3.3755720228716415,0.00032816098497524126,0.005021761521080076,46.88333538860802,29.241005522118307,0.00038452546073503675,0.026201682873097976,0.2852775829544618,0.26922238163428297,0.04261822520230911,0.04494581754136148,0.059635462782542836,-0.051786628130868984,0.0,8.881784197001252e-16,0.0
73,-9.541589227119184,-2.650037222054089,-8.801163645640305,3.5142568106821472,7.180264622275014e-05,0.07064858332609796,0.0001505577772218757,33.59095420662944,0.06688018437397569,0.25793700392750835,393.8787923611636,441.6317444832929,0.0005767095412977815,0.0005634446713001164,-0.10812844121520293,0.023542453542167996,1.7763568394002505e-15,8.881784197001252e-16,0.0
74,-9.241924751307105,-4.49282115041165,3.3993746469091413,4.869988206409741,9.689091970946133e-05,0.011189033295659253,29.945367762574143,130.31937995402583,0.000390243640059603,0.10896379481202302,0.09785146622285132,0.08813880186961028,0.025138165405108,0.024318121715346672,0.11019737218131964,0.03372150609986524,0.0,0.0,3.3306690738754696e-16
75,-10.234386932714365,-5.360139083919008,3.0972559032010523,3.147947581271459,3.59138719176235e-05,0.004700252332604794,22.13712145402543,23.288218322021013,0.00017909933160986126,0.022013512176022793,0.4118225764367065,0.3670703396582984,0.028167851088408555,0.029318988938471693,0.12191733284707085,-0.03926253570608784,0.0,0.0,0.0
76,-10.624639191455497,-5.8696162848442945,-8.432036525332633,3.6640496168778403,2.430960078885181e-05,0.0028239567211389713,0.00021777752901979363,39.0190355031862,0.021999696941706576,0.017233431375924438,1161.9097295014778,935.8185527450978,0.00014019508457983006,0.000143172826191379,0.24159723708530034,-0.020798231694948766,8.881784197001252e-16,0.0,0.0
77,1.7309136480711373,-6.163644536984282,-2.196719081987026,5.872984281882004,5.645809835984682,0.0021045690976974614,0.11116729145927756,355.30773811145275,0.013288608122824523,0.03767341317832357,1769640.6739720292,657383.1300647185,0.3186761015699511,0.03363275980733653,1.6919471964511934,8.475169548840777,0.0,0.0,6.639133687258436e-14
78,-8.228975051145762,-6.319155059925936,3.3951475983544164,5.10101306259004,0.00026680965640766034,0.001801464993322247,29.819054393504647,164.18815595406198,0.0002603931688896288,0.02239279704466584,0.34654237121335313,0.2982727342738615,0.011856176215058514,0.011521283304825602,0.16183053760177923,0.029067327082621386,0.0,0.0,3.3306690738754696e-16
79,-7.729609884919379,-2.6456928943196623,-4.851734959132637,6.543940161395008,0.00043961558432281715,0.07095617157435435,0.007814807409326024,695.0196797806232,0.10836024081960845,0.5076797869743684,5.647855633434142,4.80759305211822,0.00041703332480004345,0.00037097808706404743,0.17477822523803344,0.12414543969559255,0.0,0.0,2.220446049250313e-16
80,-0.7614121911070519,-2.171445659693936,2.6972611678979828,5.490148506220336,0.46700645875095254,0.11401267418636968,14.83903439497205,242.29318623160808,0.11880245827251926,0.4834679305171072,6.970767843536103,7.46483925964795,0.13896141685980223,0.12849019427561584,-0.06618647755519758,0.08149433225795644,2.220446049250313e-16,3.3306690738754696e-16,3.3306690738754696e-16
81,-3.9152855167439187,-6.408565381486487,-8.506396149880349,2.428095909821284,0.019934856097826067,0.0016473861783236122,0.00020217110798716734,11.337274322279713,0.0025203810110001217,0.005506102908426318,809703.190149303,851866.0626039114,0.0019502651579282515,0.0015034365591465003,-0.04949472024478663,0.2972048245490422,8.881784197001252e-16,8.881784197001252e-16,8.881784197001252e-16
82,-4.256906956756149,-4.806698129471011,1.3597173425448261,6.67664323867697,0.014166050925367836,0.008174807339820086,3.8950921693406437,793.6505402049767,0.01117336619111243,0.17585500743151386,3.258757151211463,4.3495080808297875,0.010083416126486652,0.010941135766289748,-0.2507756990786494,-0.07839402216776958,2.220446049250313e-16,0.0,0.0
83,-8.745058661534845,-6.835634590508164,-2.390024368175414,1.13472421252093,0.00015924627390845393,0.0010747850504042086,0.09162745105649998,3.110315638501864,0.0028025480133059117,0.0018907166497880025,101.88958364848156,114.99083358438006,0.0039304686907180395,0.0036537798340069262,-0.11393299385280842,0.07572674580331284,0.0,0.0,0.0
84,-5.477820470940009,-6.614798979761521,-4.237609588122822,6.678624666239734,0.004178426783221091,0.0013403842133169618,0.014442073117580641,795.2246602479544,0.012666393431657545,0.03598258726730203,145.5209071787571,131.10910418505648,0.0003076216796621295,0.0002839524753407322,0.10992221389415358,0.08335621759590284,1.7763568394002505e-15,1.6653345369377348e-15,0.0
85,-8.079591852805343,-0.7453235163074936,0.9846478070045261,2.221899496002876,0.0003097974525796486,0.47458074049298726,2.676868943890432,9.224836774997781,0.015199974096650774,0.3094616615808472,0.3741661578513249,0.3310438031493187,0.033717987914705747,0.03718068783967409,0.13026177893007018,-0.09313168007810302,0.0,8.881784197001252e-16,0.0
86,-11.464257082257884,-2.815255223779352,-7.595376733909856,6.773483072182368,1.0498721372558716e-05,0.05988943158230039,0.0005027705103065429,874.3520276398486,0.07039865595661984,0.5042970124189267,19.79649364979973,12.375701127174434,9.59570041351191e-05,6.996374041898076e-05,0.5996260289714654,0.37152478641760145,1.7763568394002505e-15,2.220446049250313e-16,1.7763568394002505e-15
87,0.5336792717700103,-2.4729376341860467,-6.204718470165048,6.744926423083723,1.705194655674709,0.08433674424176951,0.002019877384477609,849.7366033783487,0.03083104167663343,0.5367968958113707,25382460.63856281,4260046.227502416,0.34251290100293214,0.013449209681616704,4.95825943734983,24.467139639521132,0.0,1.7763568394002505e-15,2.5224267119483557e-13
88,-8.195635453801875,-1.371941943524674,-2.429103794609035,5.993922067321307,0.00027585492795088347,0.2536139770151712,0.08811576703179268,400.9842169565222,0.05775163272821898,0.5042117725703855,0.6710229847250229,0.6791459973533229,0.001036331946549001,0.00114517783829773,-0.011960627994504813,-0.09504715172494516,0.0,0.0,2.220446049250313e-16
89,0.9109261304158967,-3.4055085375708476,-6.744848601215267,1.5880425286070667,2.4866244057983797,0.03318993745945842,0.0011769268511213791,4.894159368787552,0.01688558768608828,0.06667379110787895,1075426.4452154026,715002.0646538606,0.25579035214104723,0.04152603642347052,0.504088587123209,5.159758411146471,8.881784197001252e-16,0.0,8.881784197001252e-16
90,-11.014928350910145,-5.507784169599387,2.9757579193652717,4.952558210056898,1.6454223748071102e-05,0.004055082811306916,19.604476232385867,141.53658148358974,0.00011965305145889863,0.045316189280534346,0.17885234308952253,0.1528908763388513,0.011601852554103256,0.011657677144845873,0.1698038978672145,-0.004788654725036645,0.0,0.0,0.0
91,-9.7204005753104,-2.487474599090014,-6.854430319703969,5.316447932282193,6.004594280644474e-05,0.08311961208827287,0.0010547723474948556,203.65918445303916,0.1170934860292291,0.4353051178308595,24.104365950507564,17.897574785780236,0.00035619805138713034,0.00029725638984854356,0.34679509592878865,0.19828559974309856,0.0,0.0,0.0
92,-3.143759813939548,-5.557840410671121,-5.003716213985709,5.484822932443323,0.0431203681791843,0.003857097155524182,0.006712953814986144,241.0062658290451,0.009836612240363586,0.05543595616362299,3797.640969268255,3727.762790141951,0.0014030498487162407,0.0015424514713178095,0.018745339513312587,-0.09037666675015033,0.0,0.0,8.881784197001252e-16
93,-6.59344243934716,-5.552537511448922,-6.942727935087456,6.2882450493353685,0.0013693180465055533,0.003877605281233474,0.0009656318200313614,538.2079713621395,0.010528341147206565,0.08028999946615863,980.5268906921814,1162.859808472827,0.00020245303035412,0.00021473862273803192,-0.1567969900173105,-0.05721184306420557,8.881784197001252e-16,0.0,0.0
94,-1.5203948331202746,-3.3196816989120608,2.569176360528175,5.147349910718887,0.218625549301052,0.036164341071342754,13.055067342786506,171.97513642899264,0.049822471736618,0.2863750063048098,7.000398922564044,9.16119007273824,0.12308666908024535,0.1182585259142695,-0.23586358682855535,0.04082701968969227,0.0,0.0,3.3306690738754696e-16
95,-7.020826729588217,-2.761391697101552,0.9705816811854078,0.10298327133549605,0.0008930868462398268,0.06320374665304633,2.6394793483790653,1.1084728656502232,0.009484587743260194,0.06078634103227603,2.386001883367405,2.1769220874819193,0.12599633044826528,0.10641149102283141,0.09604376614476418,0.18404816281760183,1.1102230246251565e-16,2.220446049250313e-16,4.440892098500626e-16
96,-0.644361727539426,-0.8350040132647818,1.1681468871954497,5.310315480483323,0.524997526652647,0.4338727401833089,3.216027451503156,202.41407600680915,0.377620881410025,0.3972693441738332,4.435442650022446,3.648723467553304,0.026615821457526077,0.026479785153139784,0.21561491010901013,0.005137364355471741,8.881784197001252e-16,7.771561172376096e-16,4.440892098500626e-16
97,-4.167042592166635,-0.8893237873927848,-5.942419036809556,2.712449419935212,0.015498026400458562,0.41093353725968995,0.0026256703691730525,15.066133644023472,0.08560216756416283,0.34597160464867194,523.8134573329546,624.7886177943424,0.005642288282581517,0.0066868885655778625,-0.16161491676633766,-0.15621619423623134,0.0,0.0,0.0
98,-11.279029906130132,-5.320179622930651,-5.4158531000697545,2.3095566209733676,1.2635125226029548e-05,0.004891874953402547,0.0044455437009615975,10.06995885651002,0.007643285197393672,0.015207178699317883,120.37170379074564,109.99813573467354,0.0009137239996704485,0.0009887927749782875,0.09430676244453973,-0.07591962361323634,4.440892098500626e-16,0.0,0.0
99,-0.29579711853344115,-2.7414078664143577,3.0316718958056956,0.4963795856408768,0.7439383440128957,0.0644795044324437,20.731865148693352,1.642763008734191,0.09507426687910603,0.07393505277389517,1.240060642742549,1.1260892134262162,0.5235168377604774,0.4028533667151481,0.10120994674086758,0.2995220619085672,0.0,4.440892098500626e-16,2.220446049250313e-16
100,-7.952778126243155,-0.5885164589118466,-6.279955810670155,2.7667201587494685,0.0003516837842750621,0.5551502623473062,0.001873483380368332,15.906377966274876,0.27807608454207,0.28994595397926903,19.08168469913212,18.78651645778455,0.000751132576798393,0.0008383313017860583,0.015711706958064564,-0.10401463574351699,0.0,4.440892098500626e-16,0.0
101,-10.039763094641152,-0.7652201797803029,-5.611085005990981,3.306749269182711,4.36301080361989e-05,0.46523148513028956,0.00365709922974028,27.296248336683153,0.15129213796071947,0.34426904203722175,6.678379111946693,5.854955107714154,0.0007261281438707865,0.0007654546406858777,0.14063711661044898,-0.05137665215518594,0.0,2.220446049250313e-16,0.0
102,-4.101767989665103,-1.5534407533191281,-5.887746939168895,5.954491313209503,0.016543400969000577,0.21151893584549078,0.002773217891987156,385.4807718190115,0.061932106579416946,0.5176489565491175,491.0176570995174,554.5315770054983,0.0011549956564495941,0.0012559220404407732,-0.11453616446688153,-0.08036038921313804,8.881784197001252e-16,0.0,0.0
103,-8.57779236152739,-2.048571386558179,0.731396129461336,4.398065202411967,0.0001882400850878456,0.1289189474339557,2.0779797121368135,81.29343007574681,0.007009004918593358,0.4182392184493876,0.2061137442787386,0.1887366000810704,0.016504063849612293,0.015576721275563463,0.09207087650304158,0.05953387478940342,0.0,0.0,0.0
104,0.3808699258141228,-1.4790116003520897,-2.1998567282149786,2.725419047195082,1.4635572220138762,0.22786279662498926,0.11081903446589016,15.262808424026698,0.1394502497054893,0.3508594684600528,1085.7567870382302,1131.9957314186397,0.11886259496297619,0.12166595384300691,-0.04084727803916888,-0.023041440859026707,0.0,0.0,0.0
105,-8.412473244609544,-4.767738771203771,2.34628480407361,5.470902929308182,0.00022207991917095417,0.008499577936876824,10.446686053753291,237.6746993563096,0.0008718201000242191,0.11140465874068994,0.22786852120865078,0.18696115809993055,0.011595143966659033,0.011228659355364722,0.21880139984400016,0.03263832303535108,8.881784197001252e-16,7.771561172376096e-16,7.771561172376096e-16
106,-1.3376005067166243,-2.2115877307408303,-8.71155835113843,5.944325688724011,0.26247471990376114,0.10952661162199788,0.00016467143849686585,381.58196950157566,0.01879933685976848,0.5089761875061526,2036973.0963930145,1316201.9504166439,0.008902146144582705,0.0027615770663999674,0.5476144035101989,2.2235733171798366,0.0,0.0,2.7533531010703882e-14
107,-4.329064842084158,-0.33306633325154245,-5.475413874739443,6.347833933680436,0.013179866985786489,0.7167226500350073,0.004188494679062684,571.2539938923537,0.1353853052985618,0.20985529343624545,115.64606366365204,128.54850783488848,0.00028152219860823574,0.00021466274471794588,-0.10037023679659296,0.31146277374837084,0.0,0.0,0.0
108,-3.322343252061872,-0.7097440208485191,2.396197580804328,3.7488109388911885,0.036068215733546176,0.49177006423440933,10.981341230968395,42.47055188280412,0.08237111284185329,0.340655991471053,0.15216842526302118,0.17676797037940709,0.035474008072094276,0.04196721008281305,-0.13916290979404533,-0.15472084033953826,0.0,0.0,4.440892098500626e-16
109,-10.449421817103484,-0.5316349709098489,4.180639372676604,4.971862758240037,2.89650155342871e-05,0.58764340395573,65.40765971808185,144.29542467454507,0.0010462665675652323,0.2962865129114507,0.014887167238655406,0.01414040924428582,0.019994534418497967,0.018889066135830482,0.052810210897633825,0.05852424226365183,0.0,0.0,0.0
110,0.04544422455608732,-4.454142930626525,-1.261788613286262,3.1572205209332904,1.0464926343949168,0.011630283564082092,0.2831471325929947,23.505172914162422,0.04032269261053831,0.05240021464496687,764.9693907856345,807.5681104167608,0.04943697930483775,0.05050468183271961,-0.05274938309431565,-0.02114066437282547,0.0,0.0,0.0
111,-6.695443342104686,-2.189054918750287,-3.788198574137354,1.989142941939542,0.001236533545337544,0.11202256903454565,0.022636342837594376,7.309266611171854,0.13583546027621093,0.20818624042654685,15.40862625046281,13.25890940471977,0.009763568906720931,0.0089145254037216,0.16213376078863662,0.09524270385105127,8.881784197001252e-16,8.881784197001252e-16,0.0
112,-2.6294328128019853,-6.539096826632876,-7.806490769991448,3.6510735670472014,0.07211935581586093,0.0014457937118900028,0.00040708409591671966,38.51599336250609,0.0027450236012946413,0.008866546861651248,499099.875254452,503029.7864104212,0.0014578943718619147,0.0012246520865736995,-0.007812482008297539,0.19045595712066632,1.7763568394002505e-15,0.0,8.881784197001252e-16
113,-0.8371378311576922,-1.4641775110624264,-0.058195232357212134,3.6129745013866237,0.43294792181495595,0.2312681287512204,0.9434657344159336,37.07617208394609,0.2477051823887741,0.40906714304443215,16.54775957242855,15.780065873565015,0.0679164890351655,0.0731703483989766,0.04864958771494021,-0.07180312078279749,4.440892098500626e-16,6.661338147750939e-16,0.0
114,-5.163307181664,-6.8516552519092055,-0.8841951548943143,2.4520455589746972,0.005722742206925507,0.001057703477428283,0.4130464779704244,11.61207562702286,0.007754006755499205,0.0035870263434436608,36.62618258048194,37.79173952753834,0.005927922472724978,0.005357244323930891,-0.030841579711012646,0.1065245701497799,4.440892098500626e-16,0.0,0.0
115,0.7341621024408589,-3.0723287876013687,-0.9332184204235592,3.4712316765716547,2.0837353041090387,0.0463131756267048,0.39328591190054174,32.176348903678424,0.08640825830023369,0.19213795609556342,1319.3402869176498,1367.1791546334473,0.1753134743060649,0.14176683535799678,-0.034990928258135656,0.23663248786893254,4.440892098500626e-16,4.440892098500626e-16,8.881784197001252e-16
116,-6.557575590734438,-0.2464591082385308,-5.489674864553766,4.781923577896873,0.0014193225612651342,0.7815633203844436,0.004129186500920181,119.3336770334327,0.2735280227045589,0.1607430900573335,16.405544955331425,17.037912901669372,0.0003262397868219133,0.00019141725098303767,-0.03711534094507474,0.7043384812313644,0.0,2.220446049250313e-16,0.0
117,-1.0612041280785807,-2.3303292079689157,-0.8617081923000622,6.369627439262076,0.34603888422744095,0.0972637218260245,0.4224398571324219,583.8402724045918,0.13519707717071597,0.5256259887620506,262.84524175373895,271.1364358999423,0.023268507789071198,0.02371752543761263,-0.030579417032917888,-0.018931892777876103,0.0,8.881784197001252e-16,1.9984014443252818e-15
118,-10.575133697347571,-2.2400417672161534,-1.4071072096490003,2.3266808524929625,2.554334621490344e-05,0.1064540579967462,0.2448505609972435,10.243884081146685,0.00683489672827716,0.22587822481224026,1.5007754772005215,1.478092502429078,0.016533678903291885,0.015497045857332487,0.015346113138498874,0.06689230034567606,0.0,0.0,0.0
119,-1.5269730312505025,-1.342110201057511,-3.027330655732671,2.7917500006343907,0.21719210702414427,0.2612937041563611,0.048444781485081315,16.309536541648793,0.12671693259928968,0.36329126522952904,212.07719281868717,221.47271792838174,0.031482282957492606,0.038078316333248374,-0.042422945803793466,-0.17322282104149633,0.0,0.0,0.0
120,-3.122297025839588,-2.66882701922239,1.0001736816742302,0.19903692685153931,0.044055854667530155,0.06933350449858462,2.718753985199341,1.2202270242101039,0.0677265649387288,0.06901569262597085,2.6402746169915394,3.042277264012333,0.16931234867271672,0.14957037401011575,-0.13213872771432045,0.13199121011267767,4.440892098500626e-16,3.3306690738754696e-16,3.3306690738754696e-16
121,-10.412997802276912,-5.0055442146391576,-3.490969797715737,0.700548521859765,3.0039487185271686e-05,0.006700693740152192,0.03047130683357352,2.0148575978512455,0.005271007203837032,0.00939144151029103,65.60492300872524,68.48492409870695,0.004321434497660376,0.004770581404290885,-0.0420530668301653,-0.09414930143032985,0.0,0.0,0.0
122,-2.482835586502784,-0.5089069758539599,0.10055848931453326,6.34781588567786,0.08350610078484323,0.601152293816795,1.105788316613321,571.2436839918372,0.3587290146239671,0.2930348994755007,1.700254510509372,1.6207060045049109,0.003275610204380697,0.0031824596507973694,0.04908262558622489,0.029269987306826728,0.0,0.0,0.0
123,-5.367677899636103,-5.710729633149801,-8.83369888086423,4.935173910267068,0.004664951227897936,0.0033102563907569673,0.00014573817313984157,139.09733088267845,0.003614306299078546,0.037103199043900525,119223.77578512706,97433.04321557225,0.0003860336884956747,0.00039358333647723716,0.22364828040259854,-0.01918182829876769,1.7763568394002505e-15,1.7763568394002505e-15,0.0
124,-6.503411423795639,-4.280601067480111,2.2162942560244687,5.5217918972061115,0.0014983190631712726,0.01383434421251335,9.17327399698758,250.0827585308929,0.0030830550481276194,0.16883578378211136,0.31471722564228827,0.2921550403699474,0.015923487632395254,0.015644908097447254,0.07722675345176677,0.017806402774168673,8.881784197001252e-16,4.440892098500626e-16,6.661338147750939e-16
125,-7.686293666913937,-3.150224035050733,-2.8882870432408616,4.166633642808051,0.00045907651295076476,0.042842527563953826,0.05567149384354044,64.49796305807241,0.03836891896695847,0.23259111674048458,3.798393857066021,3.9742826512977683,0.0036791409048647495,0.0034898217284907687,-0.04425674006208691,0.05424895341455027,8.881784197001252e-16,0.0,0.0
126,-0.8408401546175295,-6.013622623448025,-4.275880088499348,0.6855100262998761,0.4313479721602718,0.002445214026591809,0.013899810271106254,1.984783869406244,0.0086252664661113,0.003429086197380688,36557.006778027346,39641.33522813182,0.023838184293598526,0.020817209585551538,-0.07780586683961277,0.14511909944662982,1.7763568394002505e-15,8.881784197001252e-16,8.881784197001252e-16
127,-10.856520678375297,-1.176699303912053,0.03041672775638915,2.60951946364659,1.9278488322304607e-05,0.30829464801332596,1.030884042447352,13.592517583386968,0.004924673009803472,0.3562010558949803,0.40456672128667853,0.35756302348786184,0.019960784890921464,0.02183488414295635,0.13145570070505985,-0.08583051046961687,0.0,0.0,2.220446049250313e-16
128,-0.26144213830283647,-1.252191421725744,-4.200601373613788,0.617875433452205,0.7699404241951536,0.2858776314667431,0.014986561587287723,1.8549828179432315,0.09441039717228181,0.22545789120165913,4816.682188214321,4602.3121605650595,0.16290719331586995,0.1451394112266332,0.046578767404369614,0.12241872789116237,4.440892098500626e-16,0.0,4.440892098500626e-16
129,-7.940127377998202,-4.896466147112243,-4.748146283204392,0.45482776116060136,0.0003561611083285107,0.0074729447517304015,0.008667747869781275,1.5759019281380156,0.03238552701814794,0.009264402581595069,274.08028428287736,235.5797533857169,0.004125157082399568,0.004008862853493808,0.16342886153770264,0.02900928097463029,0.0,0.0,8.881784197001252e-16
130,0.10932836770592758,-5.248807352676291,-5.868691068791111,5.468244190276974,1.1155285937721329,0.005253780571495527,0.0028265707002921338,237.0436236609423,0.008380035032616652,0.07297622799185587,2604053.4115892434,1222979.017874264,0.031102063962356603,0.007263953282558714,1.129270718082728,3.2816993381599717,8.881784197001252e-16,0.0,2.7533531010703882e-14
131,-0.9037448272837807,-1.1372613103831988,2.123677671581232,1.5289137104515589,0.40504997384262365,0.3206961073349,8.361833084830966,4.613162868880511,0.23812059009804928,0.29286058430159384,0.8309627702233862,0.6342434834421583,0.207874529404091,0.2133679405811547,0.3101636704465538,-0.02574618830786468,0.0,0.0,2.220446049250313e-16
132,-3.5627181685825926,-5.459128700849937,-8.164320795331282,5.209276482477588,0.02836162815847693,0.004257263479358743,0.0002846299064789363,182.96163434562942,0.00438468184900619,0.053462726135742024,152260.14955254266,132162.60745405898,0.0006742066083403036,0.000723383287727777,0.1520667795955053,-0.06798149780587626,1.7763568394002505e-15,1.7763568394002505e-15,1.7763568394002505e-15
133,-1.2509630031815018,-6.132017118536577,-8.74345302676127,5.304685504021393,0.2862290246353752,0.0021721949639377396,0.00015950217064677794,201.27769143415438,0.0026257105083263535,0.029598593007354984,7624989.793875195,4685748.561038806,0.002986857629553217,0.0010239117390531119,0.627272503965679,1.9171045859044344,8.881784197001252e-16,1.7763568394002505e-15,1.532107773982716e-14
134,1.3670714538066768,-4.726795865612653,4.489409385459739,0.3151877207731619,3.9238426982473396,0.008854797595915929,89.06882499773195,1.3705165612391372,0.039325190589964365,0.010223658476400391,3.1959978930860586,4.743773049846559,0.6015441966593813,0.6928203456213855,-0.32627512751913046,-0.13174576863810095,2.220446049250313e-16,0.0,2.220446049250313e-16
135,-0.30626094991995956,-4.0878220769298625,2.949154202768579,6.891725832928059,0.7361944844965852,0.01677573005037371,19.08980079747965,984.0983418156486,0.05003425097929221,0.30709864907656936,225.046563956126,198.8005431291,0.14157986828384436,0.14180308422226856,0.13202187687174471,-0.0015741261175554744,4.440892098500626e-16,0.0,6.217248937900877e-15
136,-2.590682052918435,-2.7134444919343457,2.502763194639675,6.861884205841445,0.07496888989359732,0.06630801548193659,12.216203113740919,955.1651006891666,0.04128000855747209,0.5219221640134452,5.39301426383152,5.6993461730285455,0.047297536658872034,0.04514753453202751,-0.053748605523683324,0.04762169516298442,8.881784197001252e-16,0.0,8.881784197001252e-16
137,-3.3437260529424293,-6.845269724282911,-1.7587150672329583,6.319115874309656,0.035305163429743956,0.00106447908208629,0.17226607199435628,555.0820131715948,0.014335251762913368,0.024266986584811794,133.02122897762368,102.61107375243284,0.0015844065235132935,0.001337613515566396,0.29636328822131475,0.18450247778962958,0.0,0.0,0.0
138,-5.349950840212423,-4.600529153139451,-3.706706717689504,3.5597227113035395,0.004748384423243476,0.01004651819121618,0.024558267549922217,35.153448139713824,0.039575545438149375,0.05514222601513537,78.20040874920558,64.08043404670883,0.003438785314866697,0.003188016605114967,0.22034767573834735,0.07865978782839078,0.0,0.0,0.0
139,1.8210172142750842,-1.3544964713006733,3.489759108216603,4.474758457317954,6.178139746573286,0.258077211023112,32.77805079200764,87.77339682739081,0.3694675440983319,0.45234109069799894,27.418184045499444,21.16136903017757,0.5164442355694776,0.5162291604863074,0.2956715610601197,0.0004166271486243378,0.0,0.0,0.0
140,-7.768531207154293,-4.943873563786875,4.561217751544119,0.7221176640982635,0.00042283386628918905,0.00712693818548456,95.6999476602689,2.0587884199039155,0.00036395137538304344,0.010087543551599704,0.5521598948024171,0.5844056368649748,0.15995689109241173,0.17125938532159435,-0.055176986716861554,-0.06599634938522381,0.0,0.0,0.0
141,-4.446802633944832,-3.0196440298676537,-6.358798363176495,0.7194900158384694,0.011715967383542825,0.048818593230455586,0.0017314460316228669,2.0533857493625707,0.026867379946112872,0.06370801905029248,5908.931168005886,7945.857692703178,0.022694915542574138,0.0197681373328856,-0.2563507431762637,0.148055335735636,8.881784197001252e-16,0.0,0.0
142,-1.698369419524255,-3.7558574535956795,-8.770024359450076,0.5950503786640083,0.18298164723115842,0.02338039440855517,0.0001553197970979641,1.8131222853377533,0.008569457932151933,0.0301848411669793,1418195.4593750762,2205869.273595272,0.055667445088779945,0.01800265040925281,-0.35708091302092115,2.0921805302717305,0.0,0.0,0.0
143,-8.634065686238126,-4.145890166425868,-8.896376045659109,3.8638499413880485,0.00017793972542269314,0.01582933893184444,0.0001368840904079976,47.648442408323426,0.020155225984375708,0.09517725129957026,3442.959652444596,3324.632196868823,0.000491217893299116,0.0004572750103578379,0.03559114168695565,0.07422859804806792,8.881784197001252e-16,0.0,0.0
144,1.0513446356712794,-4.134880114911761,2.343486926327886,0.09493157986162101,2.861496202231909,0.016004583725743576,10.417498354174874,1.0995836188889319,0.09040412026449646,0.016409410014399523,12.643506438832018,11.823475584397146,0.39887401360352787,0.34488460330254905,0.06935615915822813,0.1565434054868977,0.0,2.220446049250313e-16,2.220446049250313e-16
145,-9.81309545433271,-5.606048494521944,3.043160227363316,5.681980988252381,5.473016957983979e-05,0.0036755647137315987,20.971413057572857,293.53033449436396,0.00020087432196290304,0.05807803573529465,0.1657632153251282,0.13558782725717627,0.009179409732603857,0.009018200708997504,0.2225523387930448,0.01787596315587825,8.881784197001252e-16,8.881784197001252e-16,0.0
146,-9.71771777661282,-5.769180540055233,-0.9645797462237482,2.4615204018789942,6.020725026457045e-05,0.0031223150782527806,0.3811433430157676,11.722621092847591,0.0014403918696997255,0.010539581603631732,10.227962736868024,9.988807223303283,0.0053978261120684505,0.005923813047410813,0.02394234949362173,-0.08879195395476935,0.0,0.0,0.0
147,-9.055095148317326,-4.292995466467299,-6.2192107185626755,3.2304790954078215,0.00011679443335738576,0.013663934077762301,0.001990815911367746,25.291771240242657,0.04778561829783554,0.06287645644722235,121.60726508617721,96.4952728183612,0.0009602002237444739,0.0008697387858575599,0.2602406473847254,0.10400989280674588,1.7763568394002505e-15,4.440892098500626e-16,0.0
148,-10.228501613132005,-4.774605513372762,-1.2293886316379412,0.07102238018384335,3.61258597274182e-05,0.008441413455435937,0.2924713307517364,1.0736052530824287,0.002094292801611768,0.008644888443592118,21.544101812738234,20.843783193397158,0.015827957955589132,0.01620131644545914,0.033598440976056576,-0.02304494768230081,0.0,0.0,2.220446049250313e-16
149,-7.749896726822042,-5.598703348225324,-2.421261177408084,5.929765804316077,0.0004307870270238233,0.0037026616679973574,0.08880954221259617,376.06643037589754,0.008677766032231835,0.06550863200121909,5.502065528476846,5.6385910001644906,0.0007145456965690318,0.0007923403746660145,-0.024212692795711144,-0.09818340776812562,1.7763568394002505e-15,1.1102230246251565e-16,1.1102230246251565e-16
150,-11.166706701132517,-5.656929629753449,2.6952616614345466,0.6642272651420078,1.4137118510216514e-05,0.0034932259464375607,14.809393293450679,1.9429885261267255,0.00011843716194710418,0.004837728659708119,2.1872767261102624,1.998557208498762,0.04296041624366639,0.04516968150641124,0.0944278786761672,-0.04891035732521776,2.7755575615628914e-16,1.1102230246251565e-16,1.1102230246251565e-16
151,-4.660221419912992,-5.627393973084282,-6.190927414466728,4.441035898133416,0.009464366570466941,0.003597939447499049,0.00204792659554404,84.86280537873522,0.007986340981170716,0.03173697230061869,4365.425116917591,5206.416463409776,0.0009638697778206011,0.0010769508440820889,-0.1615297877921591,-0.10500113991541504,0.0,0.0,8.881784197001252e-16
152,-7.748490437339905,-2.8829472130207865,0.5664982951064808,3.838028898180386,0.00043139326446172386,0.05596956528594907,1.7620859305932697,46.43385831448076,0.007592068278672487,0.2478700694884645,0.42725509285623575,0.4426591732786781,0.02128186250839883,0.02002119587716449,-0.03479896351937706,0.0629665999458211,2.220446049250313e-16,2.220446049250313e-16,0.0
153,-0.7464229616844147,-4.107047577362398,1.0471451633301019,2.360765789089547,0.4740592516186729,0.016456288793306087,2.849504624848211,10.599064993738175,0.07293165193769993,0.04994776928831525,17.068624861668823,12.713704054398786,0.10571882123303337,0.08958709563083987,0.3425375318346575,0.1800675140610346,4.440892098500626e-16,4.440892098500626e-16,4.440892098500626e-16
154,0.9178583736975927,-6.79870766911164,-5.3630683272013275,6.00326252390976,2.5039221780405323,0.0011152154443404198,0.004686504295537295,404.7471389748402,0.004375871042774244,0.021783877725212314,23489737.415996138,6720414.012212502,0.07973224605772854,0.005629978764472581,2.495281298638746,13.162086464849729,1.7763568394002505e-15,1.6653345369377348e-15,9.769962616701378e-14
155,-1.1705127277575222,-2.269413255547187,-4.5976033731869554,2.9248437188870393,0.3102078483088537,0.10337281571874382,0.01007595513474323,18.631314099860088,0.051897495384945376,0.26822527642587984,3676.9956544445763,3645.1301563257166,0.03083461239885582,0.029389975195737748,0.008741936982294307,0.049154080379339105,0.0,7.771561172376096e-16,0.0
156,-3.3915772544379372,-0.7546465397581823,4.069660277587076,0.13031422252713357,0.0336555516463697,0.4701767741597236,58.53707285795264,1.1391862850846544,0.03372069219675883,0.2217658530440484,0.04949390704791281,0.036008200538567466,0.12428144685621105,0.11115037788663931,0.3745176461928761,0.11813787068689896,0.0,0.0,0.0
157,0.6081223918637519,-5.737407634921916,-7.3881642024515335,0.07103441849467593,1.8369790319233812,0.003223112939853128,0.0006185304084836928,1.0736181775539713,0.004480196710646556,0.0033247934168304924,5161713.900655413,6786649.081765073,0.11225901244970654,0.021738065761004892,-0.23943114805739252,4.164167487757067,0.0,0.0,0.0
158,-2.1757685188333404,-4.938634070372892,2.2245577442675533,0.8365662844207914,0.11352087720614572,0.007164377727636472,9.249391302903343,2.3084268712392224,0.019078218857160482,0.010728372132050221,4.186634964062919,5.233816108163494,0.09370542234016727,0.10405975804408868,-0.20007985043020993,-0.09950374571824805,1.1102230246251565e-16,0.0,0.0
159,-7.1432738469694765,-1.7061561403547039,1.1934918146647497,5.773090515557185,0.0007901609911733162,0.18156235322152148,3.2985791484041744,321.529891848792,0.013525966880316617,0.5164543834197488,0.1328990220567926,0.11945669555948189,0.00904824062245699,0.008942971120840058,0.11252886608283319,0.011771199995448844,0.0,0.0,0.0
160,-1.6262210567041482,-1.1315003182459167,-0.12668970330714835,5.429629225760778,0.19667138161896358,0.3225489671184869,0.8810070037477299,228.0646692414067,0.29195886534217075,0.4600968371089566,8.503039228560768,7.439576292013834,0.015419492182716543,0.016313346375328667,0.14294670755490868,-0.05479281638768707,1.1102230246251565e-16,2.220446049250313e-16,2.220446049250313e-16
161,-3.139363377489234,-1.7253027551016276,-8.989731655756364,5.433708754450371,0.04331036147830488,0.17811911713740664,0.00012468354686090703,228.99696597531315,0.022637665763952545,0.5016817131883458,121206.51754717727,102403.95516835022,0.0012437324566243748,0.001291962611390374,0.1836116812862938,-0.03733092145297867,0.0,0.0,2.886579864025407e-15
162,-8.465413826001194,-1.1262022050810723,-5.775806831854304,2.7395257847424777,0.00021062867140613832,0.3242624030281486,0.0031016941032062095,15.479642672796462,0.23818893104327477,0.36271514463835314,14.775008408735747,12.85713344550384,0.0014505718057412698,0.0016725045210357137,0.14916816188935123,-0.13269483729527376,2.220446049250313e-16,0.0,0.0
163,-4.26506286064313,-3.887895472290765,-7.879234693168039,6.696001637160207,0.014050983851402995,0.020488419143573865,0.00037852263191783615,809.1640171865165,0.010772696771024342,0.3249867284419613,16911.681571133184,20654.80415332719,0.0004806736755781101,0.0005762844980949309,-0.1812228551966707,-0.1659090654579275,1.7763568394002505e-15,1.7763568394002505e-15,3.774758283725532e-15
164,-8.474644809467012,-0.73186633014575,-4.082076110858045,4.804731360782589,0.00020869330801951582,0.48101042758245904,0.016872400292064653,122.08668934278938,0.1565361627923693,0.3626805044240341,2.537580079837213,2.479915450665077,0.0006932481819530276,0.0007498917248099956,0.023252659342346327,-0.07553562865535035,0.0,0.0,0.0
165,-6.006898301939047,-0.6646808333469494,-7.7517275475478415,2.6278339883298303,0.0024617118379945137,0.5144376928638509,0.00042999905474443346,13.843751676262558,0.07303987129384594,0.3059599221968581,754.6264932048125,730.961761107664,0.0015955396371469142,0.0017542646621917309,0.03237478806181082,-0.09047952026036366,8.881784197001252e-16,9.992007221626409e-16,9.992007221626409e-16
166,-4.313985505485994,-3.5255100366752536,-8.785341484092685,5.594384247730229,0.013380116657999848,0.029436789697303792,0.00015295887185815774,268.9120159185201,0.010050613255625666,0.2902449370918889,56548.873306167,50929.15251063739,0.0007665689247943168,0.0008173400403186961,0.110343889864569,-0.06211749457983573,0.0,0.0,1.7763568394002505e-15
167,-1.4654501944048768,-2.1728580246034808,4.380627473816645,3.6912949924047096,0.23097398487182952,0.11385176034738423,79.88814540095711,40.09673832215401,0.037193077225077587,0.34581343853103286,0.8100651550389996,0.8700523579879655,0.49633340955828353,0.49469653024076166,-0.06894665866740368,0.0033088554648346147,2.220446049250313e-16,2.220446049250313e-16,5.551115123125783e-16
168,-8.819083382316949,-4.972030664273362,-1.639570449853771,6.905141336823326,0.00014788385107883075,0.006929063137775864,0.19406338434493772,997.3894712132271,0.0047127117010105765,0.1691362421944252,1.2148903448373833,1.2950816527182418,0.0007330806350956873,0.0008077432579990634,-0.06191988567867146,-0.09243360704530035,0.0,0.0,0.0
169,-1.2400157956892155,-2.093270228634471,0.9912774349054434,1.5629318328946715,0.28937964695198126,0.12328331126338711,2.69467454597023,4.772793786373638,0.18330489870023972,0.1910696851939184,3.360358856616508,2.6649109119366594,0.18911843220940544,0.16584516183316195,0.26096480057355786,0.1403313194005389,2.7755575615628914e-17,0.0,0.0
170,-2.443419137156992,-3.9393400571085264,-4.815067032598644,1.4927367081592637,0.08686334545287042,0.01946105369247842,0.008106678647953003,4.4492551856541995,0.02217541293353279,0.03887947911551162,4420.662620373655,5300.113973124671,0.023159623292916386,0.02156976182122139,-0.16593064926725287,0.07370788258453609,0.0,0.0,0.0
171,-6.46067690314114,-2.6593478017416494,1.5909063517091706,4.017227511629002,0.0015637368536747086,0.06999385673296428,4.908195464307505,55.546889039548475,0.00968524494716959,0.298451360423212,0.23702837984652586,0.2511946377224241,0.03511522165907652,0.03344145602038793,-0.05639554253364398,0.05005062093194024,0.0,0.0,0.0
172,-8.969580797113657,-5.471180882795564,0.9469303236248887,4.556862261874579,0.00012722151260389884,0.004206262121486387,2.577784537464549,95.28403393831891,0.0009344754568725818,0.03891918031230787,1.108004090433607,0.9235157093481647,0.006603155763192418,0.0066361196568075756,0.199767453025415,-0.004967344671270579,0.0,0.0,0.0
173,1.7891673287566032,-5.657511848863596,-9.195172873293199,4.92011379792154,5.984467297342151,0.0034911927154858777,0.00010152831089578258,137.0182046862185,0.002965836168346364,0.0387474084529687,18990158183.079117,613011298.5633712,8.853742248957985,0.005943096671092161,29.97847988704889,1488.752352847213,0.0,0.0,3.204103649068202e-13
174,-1.6310322430753885,-1.8558436734846682,-2.9500457086806664,4.887049046161391,0.19572743152885058,0.15632100314039105,0.05233731362420243,132.56181251098243,0.10070079357670536,0.46816605418693025,341.39754982919294,410.8943369655091,0.014059425766643168,0.016060117800252353,-0.16913542213688337,-0.12457517799637485,0.0,0.0,0.0
175,-7.124397757479979,-3.737165911104155,-7.329698508511073,2.518821763331965,0.0008052178005266186,0.0238215198585947,0.0006557712667804491,12.413961458816848,0.026920313150163834,0.07529917977699208,1690.6214268332926,1959.8822476009111,0.0022764834281475597,0.0022247972111245264,-0.13738622363523123,0.023231877837939452,8.881784197001252e-16,8.881784197001252e-16,8.881784197001252e-16
176,-4.926368837386537,-1.028916123506856,-5.850016167723529,3.4809841410699205,0.007252791589593825,0.3573941218011736,0.0028798525970512557,32.491682745801235,0.09481750020416709,0.38974881754590446,192.90302132581715,223.53877432551974,0.002964028781880045,0.003461694114361236,-0.13704894415807456,-0.143763520415212,0.0,0.0,0.0
177,-2.4343683899552513,-1.7890334163320318,-4.440514340914916,1.1769106457351508,0.08765309214140908,0.1671216286594839,0.011789872945961127,3.24433580213861,0.07210659801081042,0.2031318536172811,923.9352375380632,1076.862786029834,0.05064246895565796,0.05322202342124447,-0.14201210263341202,-0.048467801480784,0.0,0.0,0.0
178,-9.634131632314796,-1.5956653478109875,-0.8478393921767751,0.23798984905681964,6.54560500386723e-05,0.20277356865987092,0.42833940634813017,1.2686963142953467,0.011416912547382146,0.16526717344546082,2.037123953121242,1.937575194277016,0.03860584323506723,0.03957027022212633,0.051378010586769385,-0.02437251455816003,1.1102230246251565e-16,0.0,8.881784197001252e-16
179,-10.83552822796827,-5.509385769937657,-4.475982457081186,6.527752322685074,1.9687468764037152e-05,0.00404859338742354,0.011379037215377112,683.8593875178685,0.005427067787930688,0.09273013283698163,10.68400357534241,8.838060540173052,0.00020007162767100433,0.00019884501827182533,0.20886290909399174,0.0061686705044941,1.7763568394002505e-15,9.992007221626409e-16,2.220446049250313e-16
180,1.1638984449340164,-5.254798416258568,1.5750977830289319,5.911956327128833,3.20239332696685,0.005222398936593989,4.831214005753056,369.4281712830969,0.05058151533096049,0.0884740011438972,4274.290736430802,3324.828796750519,0.15406371932782698,0.12257773350872217,0.2855671668292299,0.2568654593116977,0.0,0.0,8.881784197001252e-15
181,-0.8040040924322742,-4.606105983600079,-6.505877692212931,3.159811220546717,0.4475334066005078,0.009990646401100473,0.0014946283591907982,23.56614670482935,0.009876810385092414,0.045525878981255215,202000.21320299688,168305.07645737013,0.012479181899941747,0.008307230973638538,0.20020273573959235,0.5022071662076235,8.881784197001252e-16,0.0,1.1102230246251565e-15
182,-0.5032542564051639,-3.7600231717365737,-3.375092521161279,3.7492194248606343,0.6045600615832105,0.023283200856449398,0.03421495255807491,42.487904051180244,0.033393523583020474,0.1257198113544971,4408.649833470844,4720.521406254547,0.02823092318354567,0.026769871626807773,-0.06606718748706086,0.05457820557027904,8.881784197001252e-16,9.992007221626409e-16,9.992007221626409e-16
183,-2.730605371732114,-2.2085157914001616,-5.754687976575763,4.412453611970295,0.06517981970198015,0.1098635880496636,0.003167894914285826,82.47156868710036,0.04128264641721221,0.3999697043108152,2999.869753535988,2992.3558766207616,0.006301994120520844,0.006145326909465966,0.0025110238303980292,0.02549371471411166,8.881784197001252e-16,8.881784197001252e-16,8.881784197001252e-16
184,-1.5980332463250804,-1.1246190440779147,4.505041105149688,6.381637103537773,0.20229398944947483,0.3247761691993879,90.47206284012353,590.8942713622614,0.055253378352300174,0.47589132033056214,0.4440244983545305,0.2753386709279444,0.06414443828738066,0.06448724658681015,0.6126485134038104,-0.005315908455914897,4.440892098500626e-16,6.661338147750939e-16,4.440892098500626e-16
185,-11.386398552760639,-6.174269013406273,-8.277591230088136,1.2256247074824793,1.1348799928933247e-05,0.0020823275147451898,0.0002541486489379281,3.406293355206656,0.01747685789921022,0.003823540528647081,2600.7522128694004,2131.8134297977936,0.00030905685895322093,0.00031157638305499136,0.21997177450753114,-0.008086377013131196,0.0,1.7763568394002505e-15,1.1102230246251565e-15
186,-2.668344511734027,-3.8255923240599,-9.132411715491063,1.3058329228140153,0.069366966505885,0.021805515773447727,0.00010810455303309329,3.690761933623744,0.007595364780150742,0.0396285525651219,1045661.4426853833,1449131.723662517,0.01891738655297995,0.009188918907850428,-0.27842208847475103,1.058717324931243,0.0,0.0,0.0
187,-1.7026727188526483,-5.550956388814105,-6.96862556114601,2.8661139004122913,0.18219591426613238,0.0038837411001753576,0.0009409452892466771,17.568611993435646,0.005511715121130168,0.01593153242779896,242899.38944594006,241712.43492228427,0.004950279530456688,0.004172516866810443,0.004910605960497749,0.18640132286410216,8.881784197001252e-16,0.0,1.1102230246251565e-15
188,-6.171889117950908,-5.939641375127509,-1.7930311589120551,1.8924897664167355,0.0020872891382649012,0.0026329737315864566,0.16645485309511224,6.635869896446938,0.0116612155403827,0.006721641014555973,44.50401735925572,42.99418192140207,0.0057343064758888914,0.006254604387153895,0.03511720354660519,-0.08318638223284347,0.0,0.0,2.220446049250313e-16
189,-9.618432527784055,-0.7946612343713975,-1.17766582811449,2.1150776404860276,6.6491759998025e-05,0.4517342410386492,0.3079968177278142,8.29022939857272,0.02025413551704753,0.3124271020700749,0.9125385469627924,0.9070629512989805,0.010850709871798512,0.013012478195084158,0.0060366214450391364,-0.16613040889492647,2.220446049250313e-16,0.0,0.0
190,0.666137322314194,-5.542877305363766,-0.4390962656621227,5.7022696656633505,1.9467032918746219,0.0039152452596294554,0.64461872199475,299.54650041775756,0.028477241590718648,0.06212746038041104,10162.894152572115,10242.666680193455,0.05225861330555675,0.04234949101139232,-0.007788257698124523,0.23398444839629362,0.0,0.0,7.105427357601002e-15
191,1.2134092015797684,-4.420355143017131,1.7788121829346863,5.316752182824681,3.3649368680877823,0.012029959169989661,5.922817015531489,203.72115729754938,0.0789109594227601,0.1394015674576638,1568.825603936541,1331.2337525772377,0.24803560588560697,0.20739177234305406,0.17847493041648854,0.19597611362963097,0.0,0.0,4.440892098500626e-15
192,-8.956555776918503,-3.407017924753413,2.616189195025079,3.5099166896765586,0.00012888941401958457,0.03313987878173407,13.683479031433864,33.44548131400974,0.001145905098310655,0.15158981100087476,0.15888995028819872,0.1526597116918736,0.05049402157633859,0.045893018870222256,0.04081128234343945,0.1002549585837269,0.0,0.0,0.0
193,-3.6102770287569923,-2.3178548445936675,2.3179835857009756,0.6305249451394692,0.027044353764788906,0.09848462399196166,10.155176603775537,1.8785964805611506,0.03320001131752011,0.11252103265979155,0.5252291354057159,0.7472329761603549,0.20661770043534508,0.22253438076469684,-0.29710123594304183,-0.0715245899292376,4.440892098500626e-16,2.220446049250313e-16,0.0
194,-7.516659600011689,-1.3947695586396982,-6.312915048488943,5.3645533029743655,0.0005439465334642001,0.24789015393012861,0.0018127413010390059,213.69575609888832,0.1581568961867027,0.4881028459942815,29.05617968103224,28.451398801736786,0.0004433316671180591,0.0004675829575507047,0.021256630772703344,-0.05186521459139326,4.440892098500626e-16,2.220446049250313e-16,0.0
195,-8.717178288302938,-1.5656829752182473,3.7958547732249635,6.074898548574821,0.00016374859096121575,0.20894525999584326,44.51627146446095,434.80538865230466,0.0017980778602331132,0.5221841892411984,0.01570315425680853,0.014412462342710475,0.01931676162417828,0.019450853518690803,0.08955387937237935,-0.006893882285611275,8.881784197001252e-16,8.881784197001252e-16,0.0
196,-8.412611257304969,-0.7303105078839218,-4.900022080391373,5.673814921575015,0.00022204927143764644,0.48175937677870506,0.0074464186492709935,291.14310660803926,0.23195221692626133,0.3711320581646163,3.7962683757018683,3.2545686987322533,0.0002761393761500072,0.00028837882689333836,0.16644284607684656,-0.042442265526858924,1.7763568394002505e-15,1.1102230246251565e-16,1.1102230246251565e-16
197,-10.707936910664454,-0.7270549148170131,-0.233165610502164,3.1079949225257626,2.236670898422293e-05,0.48333034509490075,0.792022395435746,22.376133509624005,0.007577346666052328,0.331343640981642,0.3986350683437963,0.3530666723735658,0.010236851435504946,0.010772708850033777,0.12906456353947893,-0.04974212354464125,4.440892098500626e-16,0.0,0.0
198,-4.345291980516845,-4.471787278575334,-4.7180359704363415,6.327035468119545,0.012967721372959196,0.011426874580704204,0.008932705428695438,559.4954906538247,0.022367048724885708,0.19807819912589714,338.8966347362869,377.253919358864,0.0010782411416926693,0.001152192237754883,-0.10167497977957285,-0.06418294937163616,0.0,0.0,0.0
199,1.3053627351465824,-3.1144532273209746,-1.8752404039974602,5.0949594315392215,3.689026990785449,0.04440277873764934,0.15331810412901825,163.19722382991662,0.06631065529271879,0.3166349056104475,67244.01061769607,44392.37435727736,0.38520473490248003,0.11447494134376549,0.514764902559725,2.364969926000831,0.0,0.0,1.4876988529977098e-14
200,-3.029777408950027,-1.782334873526512,-4.057396372744537,5.830477733602287,0.04832639395171923,0.1682448578421855,0.017293987646889167,340.5213186956846,0.08540164017859689,0.5194447905059721,237.11022911474285,251.81954561304667,0.003534850819387585,0.0036900302692118056,-0.05841213184026073,-0.04205370647470785,8.881784197001252e-16,0.0,0.0
201,-2.0856578851790015,-6.757841242781401,0.5224422861857558,3.9478944153683764,0.12422536724874282,0.0011617343713353867,1.6861406631253133,51.82612757120284,0.015891185159941125,0.008271029400848616,32.164912705831576,25.657045276315134,0.010334610488591108,0.008822904477571452,0.2536483589372651,0.1713388164705325,0.0,6.661338147750939e-16,0.0
202,-5.1049412030397905,-2.5896723283966274,3.0992535255354543,3.6631605000973506,0.0060666956079371195,0.07504462604998804,22.181387260723213,38.98435844222463,0.009291848327704496,0.27966462586474816,0.1585846993433388,0.16108689532729348,0.10118171008200609,0.09438744859917467,-0.015533206341029615,0.07198267972772432,0.0,0.0,0.0
203,-10.94888760288804,-5.640069538827411,-5.857642285151497,2.5538055428760074,1.7577557654031837e-05,0.0035526213525084597,0.002857974033252994,12.855934620217118,0.009561608137301216,0.012524511027551036,187.3101863882742,166.79518887212367,0.000630461479756906,0.0006633345089067687,0.12299513945740181,-0.04955724255027871,0.0,0.0,0.0
204,-2.3359266720388288,-6.3379180892451,2.513218674568538,3.9223887044982653,0.09672081251300131,0.0017679791828447181,12.344599433116752,50.520980451960845,0.007606696175587345,0.012359016704027271,5.482751105431033,6.197685344695898,0.025757406515235965,0.027333417890462113,-0.11535503974507522,-0.05765877438167333,8.881784197001252e-16,0.0,0.0
205,1.0632511416862886,-1.646502839576419,0.5549446037565833,1.0212624605679077,2.8957702612165583,0.19272271372852506,1.7418444904600012,2.7766980238994012,0.2526996394598796,0.20984030247297025,49.8760559851406,48.78249758979619,0.5316731512262812,0.5736806161970092,0.02241702350994723,-0.07322448028521511,2.220446049250313e-16,2.220446049250313e-16,0.0
206,-10.911342882628489,-5.3435587028724,4.45187161938016,6.493452160768663,1.825004736441941e-05,0.004778833963763403,85.78735511750895,660.8006202019909,6.539494322670874e-05,0.10548432858641026,0.028592311992757295,0.0274318439599427,0.011288696698426285,0.011869899998559294,0.04230368306662746,-0.04896446475568894,0.0,7.771561172376096e-16,0.0
207,0.5061399767828476,-2.3225890327863103,-1.2877621701259407,0.6020593038860325,1.6588755225582672,0.09801948115352117,0.27588748204791924,1.825874962929616,0.11525637859746204,0.11076260580457414,247.96354554119543,307.9000027723098,0.2934497785328386,0.2914137243323252,-0.19466208733826162,0.006986816441738597,4.440892098500626e-16,4.440892098500626e-16,0.0
208,-0.7599089540210588,-1.7365238283375612,-6.4632365641294856,4.909510145724212,0.46770900809596316,0.17613160136369216,0.0015597393357822183,135.57298713252277,0.04191008397342637,0.4748348423394847,148742.62371701872,108720.508975,0.01601961812699538,0.009728033477662976,0.36811927316511817,0.6467478410491521,8.881784197001252e-16,6.661338147750939e-16,4.440892098500626e-15
209,-3.5050267871383074,-2.440361179675871,2.9742585700294093,6.1629046249759725,0.030045968487879823,0.08712937641831682,19.57510429886388,474.8052049002988,0.02371470389463247,0.5031924118245759,1.0024619189311872,1.3531369384290233,0.05757498569804132,0.05832257881102712,-0.25915708125222403,-0.012818245150100438,0.0,0.0,4.440892098500626e-16
210,-1.0362003185544335,-5.750181319438016,-3.896296017527635,2.370966433277374,0.3548002519053501,0.00318220374880088,0.020317026156915583,10.707735597251503,0.010897275177122114,0.01026997851149632,8887.711135147501,9779.398595971312,0.010161666684976041,0.011452967101467502,-0.09118019396316934,-0.11274811191293854,0.0,0.0,0.0
211,-9.153284213132132,-6.799476854171575,-5.520688166386268,3.297375881088191,0.00010587152649514937,0.0011143579671036416,0.00400309220050129,27.041585399334544,0.010627634451476985,0.005750351976283391,313.99214030264096,265.7491177418722,0.0004508619980054702,0.0003871492435808732,0.1815359650888031,0.1645689756107913,0.0,0.0,0.0
212,-3.138534444439431,-3.8906411842994064,4.098313672364688,6.590700484922186,0.04334627775236987,0.020432241004881894,60.23861984952296,728.2908480199873,0.007864009606371432,0.3149900876523993,5.2222542453108325,4.488889439487925,0.11286211289549104,0.10672446522146406,0.16337332779275737,0.05750928487943918,1.1102230246251565e-16,2.220446049250313e-16,2.220446049250313e-16
213,-7.893665944320772,-1.9967233436763996,-2.3174238301387824,0.6168029018913118,0.00037309930357830496,0.13577945775445183,0.09852708143771526,1.852994356860322,0.04645990241093863,0.14381846816649624,5.380574184360731,6.145172499778239,0.021732076260548086,0.02256778576204865,-0.12442259602071382,-0.03703108095371688,0.0,0.0,0.0
214,-7.05668272954259,-2.283635751563142,-0.40408450767653825,1.6693173913260901,0.0008616316235228304,0.10191300196411761,0.6675877025994249,5.308542902698507,0.023519795199837806,0.17411310759789214,1.5870718663288954,1.7945817431241076,0.04072852128270044,0.041218546029521186,-0.11563133169624662,-0.011888452990791665,0.0,0.0,0.0
215,-3.138702133827895,-1.6335523654418331,-9.016946217675018,5.599956689611486,0.04333900965097016,0.19523479546324,0.0001213360950716661,270.4146954070104,0.02353470345769772,0.50805879712082,125238.4761339584,104825.10057687259,0.0010799436750416336,0.0011381567099922525,0.19473747647030226,-0.05114676602927126,0.0,0.0,2.886579864025407e-15
216,1.37368585456999,-5.574312907850983,1.930787419691372,1.5822657871533095,3.949882590589957,0.0037940815704288144,6.894937314020863,4.8659685793272125,0.045573634811593905,0.008276630290054812,112.60985300004324,88.09069083030329,0.1507056984456436,0.16239906843575547,0.27833999187239145,-0.07200392282260981,4.440892098500626e-16,6.661338147750939e-16,6.661338147750939e-16
217,-4.3479671951444505,-1.39909854699847,-7.2690739266787805,1.9926324958027273,0.012933076297224478,0.2468193597395394,0.0006967569430949977,7.334817244940836,0.04498544962339412,0.3061613595768049,4812.989925662229,6634.6441474606945,0.009637169926101443,0.010823408753679872,-0.27456698223908127,-0.10959937433529132,0.0,7.771561172376096e-16,0.0
218,-8.669911355643071,-6.615774732704417,-6.609777794619319,3.5122361677680947,0.00017167432150988864,0.0013390769673544724,0.0013471314560149846,33.52314741276557,0.014949641962225133,0.007673711911668522,928.5349624195355,737.0212041638717,0.0003163092271885044,0.0002892022834171013,0.2598483695905742,0.09373004753322833,0.0,0.0,0.0
219,-8.188387055320447,-2.254813356611331,-3.407489856878458,1.0600393486852517,0.0002778616985420072,0.10489311951665971,0.03312424269819215,2.8864845664060756,0.060541411609588744,0.14082636201881418,9.781373004136364,11.032040751971047,0.011814481514612478,0.011798718527361713,-0.11336685350906006,0.0013359914650230564,2.220446049250313e-16,0.0,3.3306690738754696e-16
220,-4.519157234384665,-2.519511488420929,-1.552969591801955,6.62764560077264,0.010898204431359087,0.08049892180122421,0.2116186189097824,755.7008529938076,0.11524393144346386,0.5257750490473198,4.603089233870881,3.47741368968755,0.003610135830598424,0.0029478520402012693,0.3237105632618804,0.22466656445617805,5.551115123125783e-17,1.1102230246251565e-16,0.0
221,-9.573278000585024,-1.2891880043175528,1.1041149411666016,3.261842708098707,6.956298195456337e-05,0.27549439254979696,3.0165534596948995,26.097583089310767,0.005169550534883664,0.3920226423092996,0.20464327483184364,0.17163603603439814,0.027503550855330763,0.028556521096441138,0.19230949141024434,-0.03687319745827167,4.440892098500626e-16,0.0,0.0
222,-8.742434522619558,-4.653778596730646,1.8229801383799877,3.219997596643631,0.00015966470702613085,0.009525540666143162,6.190278876202634,25.028060029918056,0.0010166161196267511,0.04478166719092457,0.7257774654611773,0.63927334134549,0.024998556894061615,0.024434880599841037,0.13531633265610687,0.023068510276422094,8.881784197001252e-16,8.881784197001252e-16,0.0
223,-11.46345635439488,-3.842851997474297,2.2885748634203136,3.6018103103435517,1.050713135789308e-05,0.02143238897858872,9.860874569569203,36.664548612549495,0.00030994347108109305,0.1102762960830598,0.16086891000162545,0.16007162085922985,0.029481156463259463,0.027827545890523747,0.004980827570283397,0.05942351435664439,8.881784197001252e-16,8.881784197001252e-16,0.0
224,-3.9869977395353846,-6.278543637771712,-0.9041390092650925,2.0329976122135203,0.018555338537842216,0.0018761309317839644,0.40489034190548767,7.636944680119006,0.017087191129423404,0.005149030294671065,47.18528966467937,42.84559520823109,0.009085512088213465,0.009143680661492884,0.10128682856095739,-0.00636161469684593,8.881784197001252e-16,4.440892098500626e-16,0.0
225,-5.688847870339367,-5.414467695979132,3.971779249340253,0.9584602327577316,0.003383488942579782,0.004451706843625712,53.07888744829081,2.607678163171752,0.0010925654601251797,0.007120200518176282,1.3696524925251463,1.3171892657970132,0.11486066410885154,0.1258826876174413,0.03982967982690644,-0.08755789789050106,1.1102230246251565e-16,0.0,4.440892098500626e-16
226,-10.547463909071698,-6.875326160230329,1.6170057529502344,3.849354449256608,2.6259994223271362e-05,0.0010329606730072002,5.037982744979382,46.96273661441417,0.00015049556633335898,0.007012557849716206,1.7208918410010554,1.6491685800434102,0.006790396931186631,0.006053660932089557,0.043490557500044824,0.12170090253845345,8.881784197001252e-16,8.881784197001252e-16,8.881784197001252e-16
227,-10.458810684917397,-4.395877885682896,-0.8071422615669093,1.3443434989999241,2.8694339491358575e-05,0.012328052952343143,0.44613117245193723,3.8356675942334384,0.0018263196306590721,0.02338219459382708,6.31851019159052,6.159297917827932,0.015753230879602852,0.015377974904292071,0.025849094472561784,0.024402171134122908,0.0,0.0,0.0
228,1.170757113093721,-0.6165443017583314,-6.524341827689227,1.068314984251476,3.224432975031792,0.5398066269708971,0.0014672845553719083,2.9104711760694943,0.07194885330302667,0.2510538921763171,597274.8414883971,363297.6969871969,0.39806477444289307,0.08001949240292233,0.6440369604364595,3.9745975947774896,4.440892098500626e-16,4.440892098500626e-16,8.881784197001252e-16
229,1.8021276294754962,-2.517180259267228,3.2407019618963027,1.9905695645053139,6.062532575184628,0.08068680214554845,25.55165173943833,7.31970161749652,0.2164698801650875,0.16580288747397287,28.992885488184655,24.147535245993048,1.5485291849971068,1.3859535298515637,0.2006560997978304,0.11730238542915283,1.1102230246251565e-16,0.0,5.551115123125783e-16
230,1.779998554059448,-0.6023427642706496,1.3935828899973242,1.3948985166802368,5.929847844377482,0.5475274047147439,4.029260619411145,4.034565110794537,0.5134120571941875,0.2593329007188621,45.40619659481482,36.99768910905485,0.5338643951745472,0.5657261211928133,0.22727115363813533,-0.05632005457178957,0.0,0.0,4.440892098500626e-16
231,-10.352111573582096,-2.196853332134588,4.234463727130645,5.662066505407832,3.192530592161536e-05,0.11115236823573994,69.02465275780177,287.74265032749435,0.0004650371155486113,0.49250411679703565,0.009419874093844545,0.009645301701191112,0.03072513862444962,0.02953163190234115,-0.02337175283161219,0.04041451979542843,0.0,8.881784197001252e-16,0.0
232,0.03968869977863321,-0.8724338359990442,-8.277911916758317,4.620086301687873,1.0404868199941042,0.41793312972099994,0.00025406715992088845,101.5027916138011,0.040846563744516645,0.395541080194779,4138481.7349886834,2029749.1601605585,0.03016344975810828,0.006556958961395383,1.0389128943703163,3.600219390680647,8.881784197001252e-16,0.0,1.4210854715202004e-14
233,-4.253757352701956,-4.1446133621896415,3.905861933212739,2.2247130607234293,0.01421073871427291,0.015849562807066606,49.69289341360739,9.250827997147761,0.004366467118271794,0.04525132190435271,0.4169904223848008,0.41158609751181985,0.16032101306176932,0.15356491692903979,0.013130484498023565,0.04399504957145539,0.0,0.0,0.0
234,-6.524091396252472,-2.086591198292659,-4.616296612840144,4.7891999124607345,0.0014676520555661188,0.12410948017231689,0.009889352429019452,120.20515553178772,0.14329232719791155,0.4430328148948411,14.533776301067316,11.752064692472493,0.0018179770993084188,0.0016126296913846652,0.23669982095797892,0.12733698816337347,4.440892098500626e-16,0.0,0.0
235,-5.741426139333199,-2.6376700544439062,3.3299363302232265,2.562678907990543,0.003210186835484608,0.07152773127733451,27.936562931884428,12.970517638647937,0.00588001355038016,0.18804155032861963,0.14633553516796635,0.1612112073136942,0.15350881652270434,0.14558837752054507,-0.09227442926335694,0.05440296222163443,0.0,0.0,0.0
236,-10.326514781298206,-2.6676214471663897,-5.762617341085136,6.697915673916937,3.275303981872001e-05,0.06941714143920208,0.0031428748484881547,810.7142700047892,0.05474714797206977,0.5158004670335781,5.01687471869261,4.354126094120077,0.0001882883976076333,0.0001767701588207178,0.15221162875083594,0.06515940735561276,1.7763568394002505e-15,2.220446049250313e-16,0.0
237,-8.764547482787554,-4.301191606542437,-8.940828351971561,1.668184423099096,0.0001561727982286805,0.013552400257861266,0.00013093253702285655,5.302531898039747,0.019347554627902854,0.029944321859412933,7883.8724892858345,8207.541999318355,0.0011721203161682084,0.001150991861191119,-0.03943562031840975,0.018356737079986196,0.0,0.0,0.0
238,-10.085898973234164,-4.393493519674624,-6.408255509542235,0.9120093506433451,4.166292250556494e-05,0.012357482614350965,0.0016478967361813167,2.4893194270400483,0.0347281773455682,0.01899708343740977,278.79604255155175,244.83702080682735,0.0017522570808383062,0.00160150911391293,0.1387005185442014,0.09412869749898412,8.881784197001252e-16,1.1102230246251565e-15,1.1102230246251565e-15
239,-9.330103574599768,-3.913448574932716,-2.28312852771056,6.007881140434058,8.871304820177673e-05,0.01997150892273913,0.10196470778170545,406.6208344086727,0.008548971617971446,0.2601724011371278,1.276962689192473,1.3773036678614519,0.0012669790885156392,0.0012554024500790544,-0.0728531993418553,0.00922145598477675,0.0,0.0,0.0
240,-2.9700324690697713,-4.1353950907023425,-0.022606642989330794,5.0819380800541545,0.05130164458819918,0.015996343874430552,0.9776469724382316,161.08595106086827,0.052700552657803316,0.15922274365387049,9.40087318712004,7.542957231050989,0.015602357216393902,0.013909915195117984,0.2463113470166367,0.12167162757900352,8.881784197001252e-16,2.220446049250313e-16,0.0
241,-1.5523461405545724,-4.616173281973397,-7.850056911547786,6.630651050745243,0.2117505939374341,0.00989057216664019,0.0003897297874961653,757.9754905442339,0.007025289680447469,0.19924044942026142,2388870.362298258,1481707.5370516158,0.0052631035771875286,0.0018543521573002421,0.6122414866376165,1.8382438343588952,8.881784197001252e-16,3.552713678800501e-15,4.773959005888173e-14
242,-7.867874599437611,-5.678414447974807,-7.8740302411935845,6.065641786570083,0.0003828472017471453,0.00341897511096781,0.0003804977700744694,430.79907002780936,0.0108026655255256,0.06481001331794943,1540.1632286352046,1535.5727082476074,0.00012929447931896436,0.00012717655031016447,0.00298945166382647,0.016653455402230843,8.881784197001252e-16,0.0,1.7763568394002505e-15
243,-5.455202265606765,-3.665924150307375,-8.416728766246619,4.423475290056078,0.004274012208606188,0.025580520111253165,0.00022113686129455023,83.38557143790672,0.01159399618206563,0.17701196704307517,19221.933504152337,18466.723540699117,0.001265136011413909,0.0011704697071983588,0.04089572044487477,0.08087890154982635,0.0,0.0,6.661338147750939e-16
244,-1.980083046316933,-4.787314525632633,-2.8510536965011903,0.7576855357387572,0.13805777164534963,0.008334810273777499,0.05778340261663302,2.1333329792880096,0.024499287750890716,0.01197771593738858,1124.652786774333,1232.084701829487,0.03209921011806576,0.035122270643313164,-0.0871952349506746,-0.08607246826232617,0.0,0.0,0.0
245,-9.658189651573677,-6.3439466585195445,-2.3483778403733213,3.160315240754812,6.390009872603047e-05,0.0017573528608076856,0.0955239917652966,23.578027512827664,0.002223684281066881,0.008437052809888655,23.388927174140914,24.568687045977995,0.0018377309044637071,0.00192207755790768,-0.048018840796387297,-0.043883064498078994,0.0,0.0,0.0
246,1.4784877235006082,-4.483843226893423,-2.209172718949665,5.343983046136761,4.386307353161074,0.011289939868797576,0.10979143933282105,209.3448822237069,0.03071079369328624,0.13386287468247235,339438.146523435,169685.15713913608,0.38938290871960607,0.06992863141936316,1.0003997535571556,4.568290138333615,0.0,0.0,2.842170943040401e-14
247,-9.71138040810154,-1.3179416036408798,-6.9885816872356035,2.6494480460080907,6.059001738362711e-05,0.2676857386128546,0.0009223537905536882,14.146228422883874,0.21496147902581642,0.3553720271416259,27.560623897306705,22.25949324134599,0.0009158831405156265,0.0009651076966539231,0.23815145288726103,-0.05100421052382098,0.0,4.440892098500626e-16,0.0
248,-6.3215600784793295,-5.8746750873029026,1.7165792814800138,3.0205468003238245,0.0017971376423555224,0.002809706955698665,5.565458000273403,20.502499393031602,0.0019535763166907824,0.012509468536530736,2.211445432498733,2.3803090527393267,0.016265094330493085,0.018385156383427696,-0.07094188884685393,-0.11531378948974436,2.7755575615628914e-17,2.220446049250313e-16,0.0
249,-2.6220025465900267,-6.311036501082871,-9.121759525415051,1.022058329167551,0.07265721758210315,0.0018161498220397225,0.00010926225838183107,2.778908790290397,0.0021970758116338558,0.0030153383407536894,5771409.393081486,8112863.009535108,0.008995646186556638,0.0036145192598718615,-0.2886100275207031,1.4887531480121488,0.0,0.0,8.881784197001252e-16
250,-11.128869044342492,-1.1485378423626074,-5.893833522508863,1.803489305664152,1.4682282777062253e-05,0.31710008088436514,0.0027563897351093225,6.07079340444605,0.0841238439503791,0.30937030624258877,10.287145036009319,9.29495883512813,0.0013519378298623484,0.0015864678439674981,0.10674455029660312,-0.14783155863949204,0.0,0.0,0.0
251,-8.363925865457531,-2.3489725083725936,-2.9020520103157645,6.097375801109987,0.00023312730844051116,0.09546720359095953,0.05491042760645868,444.68928445706007,0.0412392077642474,0.5074122438771934,0.9970409877220048,1.1140213894578317,0.0010673383660422665,0.0010734144998524142,-0.10500732108272948,-0.005660566175492376,4.440892098500626e-16,4.440892098500626e-16,2.220446049250313e-16
252,-10.278696847116395,-5.031269088366662,-6.498282592795061,1.7544934811792747,3.4357272396094074e-05,0.006530517505551386,0.0015060234287371558,5.780519058606027,0.024165959852161332,0.01537710055238788,320.17597817157895,275.33000914553395,0.0009281759038689013,0.0009243209063520977,0.16288078864058853,0.00417062677075819,0.0,0.0,0.0
253,-6.52900795681186,-5.743388890648484,0.8337366464531986,5.1725674920509395,0.0014604539647791398,0.0032038922164576147,2.3019040918233404,176.3670777441532,0.002924083942677349,0.04025751921735127,1.5600228895807382,1.48271279166836,0.004894275394430389,0.005202008334549469,0.05214097993002964,-0.05915656422063986,0.0,2.220446049250313e-16,0.0
254,-4.431579942475194,-2.65704911191382,-2.448158682908123,2.580240626948695,0.01189568032724001,0.07015493596411372,0.0864526267319256,13.200314128841786,0.11635033836493412,0.1866642007653387,15.800676934200514,12.646422521359508,0.01991512645040629,0.016310235314493493,0.2494187116960187,0.22102017943968244,0.0,0.0,0.0
255,1.537582282203065,-1.9004595886718443,1.4562013804654832,4.043619505274289,4.6533262301973535,0.14949989497322985,4.289633853510619,57.032398738281366,0.26982558378310423,0.40759282923326384,303.2495979288807,317.719781759331,0.44341011761137605,0.4480508011512496,-0.045543855501610886,-0.010357494123321542,2.220446049250313e-16,0.0,1.1102230246251565e-15
256,-3.464937836066376,-4.951436277002783,-7.321386198408354,4.263265441216516,0.031274949539791846,0.007073242494361877,0.0006612449589027461,71.04158723124733,0.007064964447367149,0.05519864480734069,46479.30072205468,44995.908597702844,0.0016635264858553633,0.0016955243111694504,0.032967266815622454,-0.018871935426285513,0.0,0.0,1.1102230246251565e-15
257,1.5763814022332152,-5.877714975797678,-4.681904094543617,4.987999834023056,4.837419426677533,0.0028011787288470774,0.0092613625775663,146.64281998640396,0.008219012199287687,0.032449446201510856,12965236.567554561,3140227.140957929,0.33422464482386816,0.01763651161448232,3.1287575661165405,17.95072291673699,0.0,0.0,4.263256414560601e-14
258,0.25177377563298187,-5.324440378957811,-1.1489652122662353,5.176413622788756,1.2863050108305767,0.004871076208364958,0.3169645908076099,177.0467147315512,0.026740692161887295,0.05963518526849153,5274.390393889018,6245.48725791763,0.03171173787270567,0.030882553182334516,-0.15548776643447915,0.02684961588102963,8.881784197001252e-16,8.881784197001252e-16,2.6645352591003757e-15
259,0.12377297563772593,-6.433604387020087,-6.717599034892933,4.261695524547582,1.1317589049878536,0.0016066493992181496,0.0012094385505202576,70.93014535938023,0.0037442747034402393,0.013291029645816488,3374757.5368537647,1948830.806526504,0.011175338497459742,0.003468113899215231,0.7316831843749223,2.2223101150133826,8.881784197001252e-16,0.0,6.217248937900877e-15
260,-9.52789702981957,-5.876564130841947,-4.705238743230165,0.810055010139557,7.279254369205259e-05,0.0028044043069714213,0.009047753870044166,2.248031647809807,0.009698134022774809,0.004181258496446539,272.46392333824315,280.3213576806031,0.0018801451169698797,0.002115588990507032,-0.028030095199926497,-0.11128998808068336,8.881784197001252e-16,8.881784197001252e-16,0.0
261,-7.2815047566045745,-0.8664723406913195,-3.843306300595615,3.145944217584938,0.0006881492870316603,0.42043207744441174,0.021422654388773138,23.241610253155567,0.22318529162012726,0.35791845529796834,4.398340186707429,4.083534344146168,0.0025229540857382433,0.002902832271451815,0.07709151338779408,-0.13086466946420594,0.0,2.220446049250313e-16,0.0
262,-1.2525166925288094,-6.394491930139716,-6.368679631584584,6.7543362941359995,0.2857846589414212,0.0016707344979067363,0.0017144213996520788,857.7702537730236,0.004194281419576385,0.04593036194694439,1155664.5985897193,859490.9581874628,0.0027997094853701525,0.0014453810704296416,0.3445919210445707,0.9370043946527782,0.0,0.0,3.730349362740526e-14
263,1.676957695161553,-5.312952824575415,-5.413207772453569,2.3093374395932966,5.349257119838461,0.004927355598584573,0.004457319188627233,10.067751950895737,0.009075416624270133,0.015313557527539259,2307404.565700539,948892.1570682448,0.18163867145405588,0.026222565830074537,1.4316826190550853,5.926807720918574,0.0,0.0,8.881784197001252e-16
264,-3.1222399920247046,-5.1560930374391,4.49063630465937,2.8168766969081913,0.04405836741264482,0.005764176170162974,89.17817231565516,16.724533226714108,0.003461060232309301,0.022850594712722716,0.9588856818525121,0.7066701655724665,0.13466067643162152,0.13740403768905796,0.3569069823058517,-0.019965652418778235,0.0,0.0,0.0
265,-4.932793750266437,-2.6051811876341455,-8.727658378704907,4.575731178392446,0.007206342411239899,0.07388974807597945,0.00016204145203477284,97.09900988558874,0.016867479103709275,0.35547348370619936,25263.564809358468,22935.842867631436,0.0014956832212137334,0.0014227320232114305,0.10148839766477757,0.051275431221148304,0.0,0.0,0.0
266,-4.842588656886513,-1.5710494338226688,2.803646193398441,5.296818203128458,0.007886611871980764,0.20782696722720753,16.504716580113097,199.70039195291034,0.020438455806491965,0.49416213774982337,0.15813483396697886,0.1738515368001347,0.037194189315839656,0.039953587344474226,-0.09040301352771052,-0.06906508806939982,0.0,4.440892098500626e-16,4.440892098500626e-16
267,-6.342904672078604,-5.331098634416721,1.4044573125388382,1.2707437705348565,0.0017591849530024437,0.004838751072536615,4.073315604039902,3.5635020047368196,0.0029648689813276305,0.0090237918171652,4.561562089974364,5.058717891108172,0.03347512717767858,0.038869933835440046,-0.09827703616516548,-0.1387912487991605,0.0,8.881784197001252e-16,8.881784197001252e-16
268,-9.223047601274388,-0.42595005573830136,-6.701799901929766,1.2089979718192847,9.87373166643159e-05,0.653148962348776,0.0012286983746287745,3.350126049412089,0.3415183313442617,0.21364816417353105,14.179055680106414,11.275115683887925,0.0005742212797313662,0.0004043833121389625,0.2575530112181643,0.41999252316831637,2.220446049250313e-16,1.7763568394002505e-15,0.0
269,-1.4850866092558537,-3.5845584993501527,4.202600227269464,5.600073716408919,0.22648272432678465,0.02774891609061645,66.8599562921287,270.44634302456626,0.019871674797876333,0.28068234934773784,8.299376918376485,9.187482467987863,0.27577365744524573,0.2589505133548896,-0.09666473407767828,0.06496663734085795,0.0,0.0,6.661338147750939e-16
270,-3.8414518335272883,-3.1873159057358875,1.2879440563327975,0.6110970478579854,0.021462418855404203,0.04128252856301013,3.625325423700931,1.8424515480030215,0.03199116120452462,0.05198442072898112,2.1105657628061665,2.689561842254342,0.1316229247547633,0.1234445679551738,-0.21527524310906776,0.06625124892137246,1.1102230246251565e-16,0.0,3.3306690738754696e-16
271,-2.4983955744553583,-3.454371571102337,-2.5133039195358533,3.1123288414564647,0.08221680359988388,0.03160716096952879,0.08100017858687832,22.47332030596512,0.05568908416407493,0.12421172005739062,103.51238939132868,104.00831845238727,0.020600927543064983,0.019525057886464827,-0.004768167281596902,0.055101995745988175,4.440892098500626e-16,0.0,4.440892098500626e-16
272,-10.055420176483683,-1.2176607859143713,0.7426049955854115,3.0149758181268336,4.2952307896516156e-05,0.29592158185748035,2.1014025349474017,20.388597900099455,0.0050441706494003535,0.37848374575684574,0.2567664170289135,0.2210755978869623,0.024645213653704087,0.02624219343778658,0.16144169452930845,-0.060855423075381054,0.0,0.0,0.0
273,-5.8905193957735555,-4.460771231995416,-3.023607258705125,3.345912138082507,0.002765539914074713,0.01155344946071464,0.04862549686924336,28.386456229289944,0.04421007854298637,0.056836249137309953,27.817250885010775,21.39382845737546,0.004323134466634616,0.0038883605166705713,0.3002465145699933,0.11181420758184268,8.881784197001252e-16,0.0,0.0
274,-10.258581386161815,-3.4425192889175205,4.346290934809883,3.841635076670625,3.5055382632444625e-05,0.03198400679041413,77.1916225391291,46.60160938390887,0.0002471846757268492,0.1678584527987734,0.03207017738029536,0.03582214869739037,0.07701224147008297,0.07423577336068372,-0.10473886836856161,0.03740067603134456,4.440892098500626e-16,0.0,0.0
275,1.786313573612352,-4.073208310430128,-3.686369330036843,6.295614024758182,5.967413438349442,0.017022686740862686,0.025062831926903048,542.1886614660368,0.02599660594801002,0.25777821357131486,31133082.84073341,3241892.7274367656,5.74346350772505,0.05708830171730925,8.603366137703478,99.60666257275655,0.0,0.0,2.9043434324194095e-13
276,-0.4236666250901404,-6.27737161240165,-4.406055749095682,0.46616402255874817,0.6546420867814938,0.001878331093904632,0.0122032160772216,1.5938684082840522,0.007273775306483982,0.002363876638351645,74886.84793487363,80546.22874163082,0.02990582417873412,0.02190118560143347,-0.07026251750297163,0.3654888243482459,8.881784197001252e-16,8.881784197001252e-16,8.881784197001252e-16
277,0.891116411816979,-1.988699006582186,-3.3556203941540588,2.9100511408629672,2.437849776916122,0.13687338102869456,0.03488771930231545,18.35773737354344,0.08030293918041319,0.30769646155456304,16501.66589584887,13078.869000533356,0.2028529285098301,0.11153792627689395,0.2617043488374975,0.8186901557255584,0.0,0.0,1.7763568394002505e-15
278,-9.914216267307092,-2.9979407826770115,0.39048905863111116,6.709888255704744,4.9466431630909905e-05,0.04988969639194525,1.4777033007475848,820.4789504857699,0.0026505127839254678,0.4754849498920098,0.11545184046797992,0.11058862321171566,0.0032899052220452607,0.0029285500648847727,0.04397574646493174,0.12339046598293546,4.440892098500626e-16,0.0,8.881784197001252e-16
279,0.9545344972245875,-1.5662719417613697,-6.717047164557396,3.0438698634725996,2.597461176063753,0.20882223446088,0.0012101061879866558,20.98630041121832,0.04264905664317612,0.36622177581706855,1778450.3926147963,657807.7675299959,0.34474502987195277,0.04249578861817378,1.7036019949911876,7.112451635372613,0.0,9.992007221626409e-16,4.440892098500626e-15
280,-8.914860617768484,-2.646817086086627,-8.54654709966866,3.672085210876817,0.0001343770883802783,0.07087644805111562,0.0001942145465983164,39.33383975637774,0.05691437465044301,0.2713929724655681,534.3571656408329,545.0743419573753,0.0007362195095975466,0.0006782021199333618,-0.019661861679375114,0.08554586893636595,0.0,0.0,0.0
281,1.039198071058813,-4.0537437993531995,0.3349354600532415,2.5150489940971656,2.8269490928243464,0.017357270708655614,1.3978501651358644,12.367214684787104,0.07208287584231145,0.05637144748619995,384.4840242908625,344.86502804398935,0.19341374927638685,0.17628409827906008,0.11488261500907981,0.09717071003313249,4.440892098500626e-16,0.0,0.0
282,-5.385614660268375,-3.777879834095489,-7.011133483361549,4.068879798400278,0.004582023068973094,0.02287113064875191,0.0009017858496206953,58.491403715156935,0.017471986689424016,0.1412126686556279,2703.002990873976,3346.8515988206154,0.0018656739012416362,0.0018374050044647702,-0.1923744118721974,0.015385229009486023,8.881784197001252e-16,8.881784197001252e-16,8.881784197001252e-16
283,-4.165206952687001,-6.735694007299037,-1.0792479030202529,2.6578858314316487,0.015526501316419928,0.001187750606463175,0.3398510304842775,14.266096261241161,0.013560173710748372,0.0044594852575606065,52.452263437210284,46.039469426332566,0.005951677532349449,0.005267406485094746,0.13928905112902723,0.12990663416445924,0.0,0.0,0.0
284,-2.667174722081082,-1.9347938391832242,-0.7723904539601616,4.6346437265648355,0.06944815874522181,0.14445404651815633,0.4619075787258777,102.99121842289684,0.18324729015034516,0.4463102546119716,7.07740780956287,5.598116186241763,0.020359195237290163,0.018439358560922565,0.2642481102762202,0.10411623972843587,0.0,0.0,0.0
285,-1.4151227991318045,-1.078793134039687,-1.5744087372779711,0.881048158164729,0.2428957842258567,0.3400056193393988,0.20712998472141533,2.413428035441713,0.21448494533954726,0.2555309524382086,33.64189342608913,37.33197430181576,0.09231010183791534,0.12508398442896573,-0.09884505024817691,-0.26201501927420967,4.440892098500626e-16,0.0,0.0
286,-5.287736466984823,-1.6388536938586338,-3.9328127532359574,0.836614428551839,0.005053185376179457,0.19420253029999526,0.01958849738297158,2.3085380111203704,0.16006205090766829,0.19826656449805807,41.580458091333746,34.72612664646534,0.020290996834933305,0.020386696854356026,0.19738255045401343,-0.004694238606009038,0.0,0.0,0.0
287,-3.5678436336232684,-3.3615295798137863,-0.5948428029982491,0.8927092915914705,0.02821663352473918,0.03468216920667667,0.5516492766646223,2.4417360728984407,0.07633441928451151,0.050420309596953705,11.787781267527967,10.193596533493531,0.06672520261434026,0.053531512234560194,0.1563908016955895,0.24646586335855747,0.0,0.0,0.0
288,-0.9676896562463124,-3.7261372263203842,3.260218621154488,0.8590331065229387,0.37995986272573656,0.024085693960976266,26.05523274496922,2.360876873329241,0.03808735779949064,0.035226882463947076,1.414419801314257,1.3568425572249554,0.313133376970135,0.2690405309809843,0.042434727435922914,0.16388923196210592,2.220446049250313e-16,0.0,3.3306690738754696e-16
289,1.4631350061799697,-3.8653971313105555,1.7761054078598502,5.775889125416802,4.319479920259876,0.020954599057038,5.906806959646121,322.43098889568915,0.1059209144912356,0.24878418236062766,3134.4535709788925,2552.7907533787466,0.37506948150472313,0.27700258388592613,0.2278536996541083,0.3540288189484271,0.0,0.0,1.0880185641326534e-14
290,-3.7233050996152723,-6.4833257394088974,3.940791521591212,6.7687961972062825,0.024154004384281853,0.001528718097696046,51.459316344938884,870.2636373722994,0.0017373308020462222,0.04253593347029566,7.138888421687268,7.14137546050982,0.026193311803905408,0.026537174700149407,-0.0003482576761724143,-0.012957780929183205,8.881784197001252e-16,1.1102230246251565e-15,1.1102230246251565e-15
291,-10.36767474790847,-2.5432812405484357,4.160477874514413,4.495586155212693,3.143229319276587e-05,0.07860804425689885,64.10214806466851,89.6206852241174,0.0004026688877400982,0.3583114501048805,0.017713071487865037,0.018497131372944804,0.0604340290943966,0.05714974991754323,-0.04238818816125123,0.057467953605956135,0.0,0.0,8.881784197001252e-16
292,-11.005877624995525,-2.6912875884186827,-5.997617141241459,2.0901135882601953,1.6603822384275184e-05,0.06779359290559371,0.0024846657357907496,8.085833567911347,0.04351737083542853,0.1511101536128092,31.93141302276801,29.697424311365474,0.002246812155058582,0.0019483784591787234,0.07522499890832512,0.15317029115875846,0.0,0.0,2.220446049250313e-16
293,0.023463468590614767,-6.448216839236986,-5.550748319070047,6.300125748604175,1.0237409013655352,0.0015833430081101836,0.0038845492732673247,544.6403935892598,0.004984886868975632,0.03521364575026136,4490960.949890475,2098916.38518528,0.016783791968808442,0.0038076889948097515,1.1396569113419157,3.407868392530581,8.881784197001252e-16,1.7763568394002505e-15,6.017408793468348e-14
294,-10.550970446431037,-2.887118685814243,-8.232375965348412,2.642266292145075,2.6168073827808068e-05,0.055736576059065006,0.00026590380089932115,14.044997634665851,0.09903082724274284,0.16130525308549037,157.20123317052762,146.32887164228597,0.0007505884210146628,0.0006533032382673679,0.07430086356997334,0.14891275145873428,0.0,0.0,0.0
295,-2.182691986052456,-1.521344947265833,-1.836058026413908,5.942384789637709,0.11273763364337935,0.218417928721324,0.1594447157729968,380.8420756675242,0.17196753550178223,0.5153184518409565,49.84181728681,46.44748187207311,0.007695442073051907,0.00816957789496723,0.07307899756730962,-0.0580367588155819,0.0,0.0,8.881784197001252e-16
296,-2.3431534996559567,-5.205991374956498,4.449608584047365,6.633937409699023,0.09602434752138847,0.0054836114302801685,85.59343480878695,760.4705676983011,0.005086640571296731,0.12572942453571737,24.076465734478166,18.17083851880535,0.11545313011859477,0.11450515629001513,0.32500576181781415,0.00827887458778398,0.0,5.551115123125783e-16,1.3322676295501878e-15
297,-3.4055937843924866,-1.6340975143043668,-7.3301317509478,0.6261874303603685,0.03318710824337215,0.19512839244194438,0.0006554872203738153,1.8704656870290541,0.03692455831277813,0.18505633728842852,26517.352781052305,32670.576279575354,0.03987317122191475,0.03284315299798888,-0.18834144356277727,0.2140482134695274,0.0,0.0,0.0
298,-4.67125177910068,-6.161497532900266,-8.26272020504602,0.9264449382247528,0.009360544855766421,0.002109092470257403,0.00025795634183741584,2.5255148381106647,0.0031930159565949474,0.003336798381171735,614178.8805074007,665482.902602939,0.004330293898820178,0.0031534097303849914,-0.07709292289083636,0.3732100389921431,1.7763568394002505e-15,1.1102230246251565e-15,0.0
299,-6.839715259899838,-1.257282059201838,-1.2533542814463248,3.0633593640037913,0.0010704081443732656,0.284426030005624,0.28554538909716926,21.399324668942203,0.06690525760732191,0.3811940367594014,1.0894498447632202,1.14026016848484,0.011672063462422026,0.013709985401575652,-0.04456028994605299,-0.14864508454687442,1.1102230246251565e-16,0.0,0.0
